RMS_Name,Methylation Motif,Motif_1stHalf,Motif_2ndHalf,MTase_Name,R_gene_Name,S_gene_Name,TRD_1_coordinates,TRD_2_coordinates
Aap10433IP,CGANNNNNNNRTAG/CTAYNNNNNNNTCG,CGA/TCG,CTAY/RTAG,M.Aap10433I,Aap10433IP,S.Aap10433I,7:183,214:391
Aap5906IP,CCANNNNNNRTAC/GTAYNNNNNNTGG,CCA/TGG,GTAY/RTAC,M.Aap5906I,Aap5906IP,S.Aap5906I,15:192,213:369
Aav11297IP,GCAANNNNNTTA/TAANNNNNTTGC,GCAA/TTGC,TAA/TTA,M.Aav11297I,Aav11297IP,S.Aav11297I,1:184,266:448
Aba0088IP,TCANNNNNNCTGG/CCAGNNNNNNTGA,TCA/TGA,CCAG/CTGG,M.Aba0088I,Aba0088IP,S.Aba0088I,3:166,186:364
Aba0101IP,ACGNNNNNNCTG/CAGNNNNNNCGT,ACG/CGT,CAG/CTG,M.Aba0101I,Aba0101IP,S.Aba0101I,21:196,228:417
Aba12156IP,TAAYNNNNNNNTCTT/AAGANNNNNNNRTTA,TAAY/RTTA,AAGA/TCTT,M.Aba12156I,Aba12156IP,S.Aba12156I,22:205,259:430
Aba401IP,GYAYNNNNGRTG/CAYCNNNNRTRC,GYAY/RTRC,CAYC/GRTG,M.Aba401I,Aba401IP,S.Aba401I,2:165,185:371
Aba6200IP,YACNNNNNGTAG/CTACNNNNNGTR,YAC/GTR,CTAC/GTAG,M.Aba6200I,Aba6200IP,S.Aba6200I,4:174,194:373
Aba63IP,ACGNNNNNNCTG/CAGNNNNNNCGT,ACG/CGT,CAG/CTG,M.Aba63I,Aba63IP,S.Aba63I,21:196,228:417
Aba7804IP,GGANNNNNNNCTC/GAGNNNNNNNTCC,GGA/TCC,GAG/CTC,M.Aba7804I,Aba7804IP,S.Aba7804I,12:171,199:372
Aba78IP,AAGNNNNNNNTGGC/GCCANNNNNNNCTT,AAG/CTT,GCCA/TGGC,M.Aba78I,Aba78IP,S.Aba78I,55:208,243:423
Aba858IP,TAGNNNNNNRTGG/CCAYNNNNNNCTA,TAG/CTA,CCAY/RTGG,M.Aba858I,Aba858IP,S.Aba858I,22:205,240:425
AbaB8300IP,GAYNNNNNNNTCYC/GRGANNNNNNNRTC,GAY/RTC,GRGA/TCYC,M.AbaB8300I,AbaB8300IP,S.AbaB8300I,26:195,244:412
Abr4035IP,GGYANNNNNNRTGCG/CGCAYNNNNNNTRCC,GGYA/TRCC,CGCAY/RTGCG,M.Abr4035I,Abr4035IP,S.Abr4035I,6:159,189:375
Aca72IP,TCCANNNNNNCTA/TAGNNNNNNTGGA,TCCA/TGGA,TAG/CTA,M.Aca72I,Aca72IP,S.Aca72I,11:188,217:395
AchA6IP,TGAANNNNNTCG/CGANNNNNTTCA,TGAA/TTCA,CGA/TCG,M.AchA6I,AchA6IP,S.AchA6I,26:182,212:340
AciIIP,CYAANNNNNNNNCTG/CAGNNNNNNNNTTRG,CYAA/TTRG,CAG/CTG,M.AciII,AciIIP,S.AciII,68:252,324:502
Aco12261IP,GCANNNNNNTGT/ACANNNNNNTGC,GCA/TGC,ACA/TGT,M.Aco12261I,Aco12261IP,S.Aco12261I,3:172,202:361
Acr10283IP,GTAYNNNNNTGG/CCANNNNNRTAC,GTAY/RTAC,CCA/TGG,M.Acr10283I,Acr10283IP,S.Acr10283I,4:157,198:379
Aen12917IP,CAAGNNNNNNTCNNC/GNNGANNNNNNCTTG,CAAG/CTTG,GNNGA/TCNNC,M.Aen12917I,Aen12917IP,S.Aen12917I,32:217,253:435
Aeq8529IP,GGANNNNNNTGG/CCANNNNNNTCC,GGA/TCC,CCA/TGG,M.Aeq8529I,Aeq8529IP,S.Aeq8529I,1:151,192:372
AgeIIIP,TCCANNNNNNGTC/GACNNNNNNTGGA,TCCA/TGGA,GAC/GTC,M.AgeIII,AgeIIIP,S.AgeIII,12:192,260:386
Ahe12129IP,TTGANNNNNNTCG/CGANNNNNNTCAA,TTGA/TCAA,CGA/TCG,M.Ahe12129I,Ahe12129IP,S.Ahe12129I,21:182,264:441
Aho11636IP,CAGNNNNNGTGG/CCACNNNNNCTG,CAG/CTG,CCAC/GTGG,M.Aho11636I,Aho11636IP,S.Aho11636I,13:191,207:386
Ahy1R2IP,ACCNNNNNNGCTY/RAGCNNNNNNGGT,ACC/GGT,RAGC/GCTY,M.Ahy1R2I,Ahy1R2IP,S.Ahy1R2I,87:197,229:407
Ain13520IP,GNAANNNNNNNGTGG/CCACNNNNNNNTTNC,GNAA/TTNC,CCAC/GTGG,M.Ain13520I,Ain13520IP,S.Ain13520I,20:198,237:415
Ali4189IP,GAANNNNNNNRTGG/CCAYNNNNNNNTTC,GAA/TTC,CCAY/RTGG,M.Ali4189I,Ali4189IP,S.Ali4189I,10:173,189:367
Ali4191IP,GGANNNNNNNRTGT/ACAYNNNNNNNTCC,GGA/TCC,ACAY/RTGT,M.Ali4191I,Ali4191IP,S.Ali4191I,11:165,193:357
AmiIP,CAGNNNNNNNTCGA/TCGANNNNNNNCTG,CAG/CTG,TCGA/TCGA,M.AmiI,AmiIP,S.AmiI,12:196,229:401
AmuIP,AACNNNNNNTAC/GTANNNNNNGTT,AAC/GTT,GTA/TAC,M.AmuI,AmuIP,S.AmuI,16:197,342:375
Aoc9810IP,GAGNNNNNNTAG/CTANNNNNNCTC,GAG/CTC,CTA/TAG,M.Aoc9810I,Aoc9810IP,S.Aoc9810I,13:190,219:390
Aol110486IP,CCAGNNNNNNTGA/TCANNNNNNCTGG,CCAG/CTGG,TCA/TGA,M.Aol110486I,Aol110486IP,S.Aol110486I,25:213,230:390
AorT14IP,CCANNNNNNRTTC/GAAYNNNNNNTGG,CCA/TGG,GAAY/RTTC,M.AorT14I,AorT14IP,S.AorT14I,13:190,206:381
Asa22732IP,GAGNNNNNNNTGTC/GACANNNNNNNCTC,GAG/CTC,GACA/TGTC,M.Asa22732I,Asa22732IP,S.Asa22732I,16:196,280:457
Asp19306IP,GGANNNNNNNTTGY/RCAANNNNNNNTCC,GGA/TCC,RCAA/TTGY,M.Asp19306I,Asp19306IP,S.Asp19306I,1:156,169:326
Asp31YIP,TGANNNNNNGTCG/CGACNNNNNNTCA,TGA/TCA,CGAC/GTCG,M.Asp31YI,Asp31YIP,S.Asp31YI,12:178,198:379
AspACNIH2IP,GNAANNNNNNNCTGG/CCAGNNNNNNNTTNC,GNAA/TTNC,CCAG/CTGG,M.AspACNIH2I,AspACNIH2IP,S.AspACNIH2I,22:203,238:422
AspBS20IP,GNNGANNNNNNNRTAG/CTAYNNNNNNNTCNNC,GNNGA/TCNNC,CTAY/RTAG,M.AspBS20I,AspBS20IP,S.AspBS20I,19:204,239:424
AspDUT2IP,CRTANNNNNNNCTTG/CAAGNNNNNNNTAYG,CRTA/TAYG,CAAG/CTTG,M.AspDUT2I,AspDUT2IP,S.AspDUT2I,7:189,219:400
AspNIH2IP,ACGNNNNNGTTY/RAACNNNNNCGT,ACG/CGT,RAAC/GTTY,M.AspNIH2I,AspNIH2IP,S.AspNIH2I,71:200,228:404
AspRAC01IP,GTANNNNNNGTCG/CGACNNNNNNTAC,GTA/TAC,CGAC/GTCG,M.AspRAC01I,AspRAC01IP,S.AspRAC01I,7:156,177:357
AspRAC06IP,CACNNNNNNGTCY/RGACNNNNNNGTG,CAC/GTG,RGAC/GTCY,M.AspRAC06I,AspRAC06IP,S.AspRAC06I,2:177,198:370
AspU41IIIP,GGCANNNNNNTGA/TCANNNNNNTGCC,GGCA/TGCC,TCA/TGA,M.AspU41III,AspU41IIIP,S.AspU41III,9:162,183:320
Ast42IP,GATGNNNNNNTTAA/TTAANNNNNNCATC,GATG/CATC,TTAA/TTAA,M.Ast42I,Ast42IP,S.Ast42I,17:192,218:399
Asu130IP,GCCANNNNNNRTTT/AAAYNNNNNNTGGC,GCCA/TGGC,AAAY/RTTT,M.Asu130I,Asu130IP,S.Asu130I,5:187,209:372
Asu14238IIIP,CCANNNNNNTTC/GAANNNNNNTGG,CCA/TGG,GAA/TTC,M.Asu14238III,Asu14238IIIP,S.Asu14238III,4:134,175:345
Aur28094IP,CCAYNNNNRTC/GAYNNNNRTGG,CCAY/RTGG,GAY/RTC,M.Aur28094I,Aur28094IP,S.Aur28094I,1:180,198:364
AveCB51IP,GTANNNNNNNRTAG/CTAYNNNNNNNTAC,GTA/TAC,CTAY/RTAG,M.AveCB51I,AveCB51IP,S.AveCB51I,10:169,192:366
Avi7695IP,RAACNNNNNRTC/GAYNNNNNGTTY,RAAC/GTTY,GAY/RTC,M.Avi7695I,Avi7695IP,S.Avi7695I,19:197,223:383
Awo1030IIIP,GATGNNNNNNTGC/GCANNNNNNCATC,GATG/CATC,GCA/TGC,M.Awo1030III,Awo1030IIIP,S.Awo1030III,17:193,219:385
Awo1030IIP,TAAGNNNNNTCC/GGANNNNNCTTA,TAAG/CTTA,GGA/TCC,M.Awo1030II,Awo1030IIP,S.Awo1030II,12:201,240:397
Axy10807IP,CAANNNNNNNTACG/CGTANNNNNNNTTG,CAA/TTG,CGTA/TACG,M.Axy10807I,Axy10807IP,S.Axy10807I,1:132,173:337
Axy10808IP,CAANNNNNNNTACG/CGTANNNNNNNTTG,CAA/TTG,CGTA/TACG,M.Axy10808I,Axy10808IP,S.Axy10808I,1:132,173:337
Axy162IP,AAGNNNNNNNTGGC/GCCANNNNNNNCTT,AAG/CTT,GCCA/TGGC,M.Axy162I,Axy162IP,S.Axy162I,65:209,291:409
Bab10093IP,ACCNNNNNGTCG/CGACNNNNNGGT,ACC/GGT,CGAC/GTCG,M.Bab10093I,Bab10093IP,S.Bab10093I,6:182,204:355
Bab1478IP,ACCNNNNNGTCG/CGACNNNNNGGT,ACC/GGT,CGAC/GTCG,M.Bab1478I,Bab1478IP,S.Bab1478I,6:182,204:355
Bab3605IP,ACCNNNNNGTCG/CGACNNNNNGGT,ACC/GGT,CGAC/GTCG,M.Bab3605I,Bab3605IP,S.Bab3605I,6:182,204:355
Bab624IP,ACCNNNNNGTCG/CGACNNNNNGGT,ACC/GGT,CGAC/GTCG,M.Bab624I,Bab624IP,S.Bab624I,6:182,204:355
Bab7471IP,ACCNNNNNGTCG/CGACNNNNNGGT,ACC/GGT,CGAC/GTCG,M.Bab7471I,Bab7471IP,S.Bab7471I,6:182,204:355
Bab8038IP,ACCNNNNNGTCG/CGACNNNNNGGT,ACC/GGT,CGAC/GTCG,M.Bab8038I,Bab8038IP,S.Bab8038I,6:182,204:355
Bae232IP,GAAYNNNNNNTNGC/GCNANNNNNNRTTC,GAAY/RTTC,GCNA/TNGC,M.Bae232I,Bae232IP,S.Bae232I,15:196,223:399
Bam69IP,GCANNNNNNNCTC/GAGNNNNNNNTGC,GCA/TGC,GAG/CTC,M.Bam69I,Bam69IP,S.Bam69I,27:195,254:436
Bam79IP,GAAYNNNNNNRTGT/ACAYNNNNNNRTTC,GAAY/RTTC,ACAY/RTGT,M.Bam79I,Bam79IP,S.Bam79I,19:205,244:404
Bau1420IP,GATNNNNNNTGGG/CCCANNNNNNATC,GAT/ATC,CCCA/TGGG,M.Bau1420I,Bau1420IP,S.Bau1420I,46:170,211:364
Bau1421IP,CAGNNNNNNNTCYC/GRGANNNNNNNCTG,CAG/CTG,GRGA/TCYC,M.Bau1421I,Bau1421IP,S.Bau1421I,11:197,252:409
Bav12033IP,CGYANNNNNNTGG/CCANNNNNNTRCG,CGYA/TRCG,CCA/TGG,M.Bav12033I,Bav12033IP,S.Bav12033I,32:202,256:408
Bca420IP,ACCNNNNNGTCG/CGACNNNNNGGT,ACC/GGT,CGAC/GTCG,M.Bca420I,Bca420IP,S.Bca420I,6:182,204:355
Bce2599IP,AGGNNNNNNTCAA/TTGANNNNNNCCT,AGG/CCT,TTGA/TCAA,M.Bce2599I,Bce2599IP,S.Bce2599I,91:196,222:403
Bce3aIP,ATTCNNNNCTG/CAGNNNNGAAT,ATTC/GAAT,CAG/CTG,M.Bce3aI,Bce3aIP,S.Bce3aI,96:192,218:402
BceENTIP,GCAYNNNNNNCTC/GAGNNNNNNRTGC,GCAY/RTGC,GAG/CTC,M.BceENTI,BceENTIP,S.BceENTI,1:158,193:375
BceH111IP,CAGNNNNNNTTYG/CRAANNNNNNCTG,CAG/CTG,CRAA/TTYG,M.BceH111I,BceH111IP,S.BceH111I,14:200,216:397
BceS28IP,ATTCNNNNCTG/CAGNNNNGAAT,ATTC/GAAT,CAG/CTG,M.BceS28I,BceS28IP,S.BceS28I,96:192,218:402
BceSVIP,CCANNNNNNNCTTA/TAAGNNNNNNNTGG,CCA/TGG,TAAG/CTTA,M.BceSVI,BceSVIP,S.BceSVI,22:201,251:432
BceSW2IP,GAGNNNNNNNTGAY/RTCANNNNNNNCTC,GAG/CTC,RTCA/TGAY,M.BceSW2I,BceSW2IP,S.BceSW2I,21:193,221:390
Bco11035IP,GAYNNNNNNNTGCG/CGCANNNNNNNRTC,GAY/RTC,CGCA/TGCG,M.Bco11035I,Bco11035IP,S.Bco11035I,21:183,216:398
Bde10295IP,GAGNNNNNNGTTY/RAACNNNNNNCTC,GAG/CTC,RAAC/GTTY,M.Bde10295I,Bde10295IP,S.Bde10295I,19:200,236:415
Bdi7IP,GGANNNNNNNRTGGC/GCCAYNNNNNNNTCC,GGA/TCC,GCCAY/RTGGC,M.Bdi7I,Bdi7IP,S.Bdi7I,21:178,273:396
BfaSIP,GACNNNNNNTCC/GGANNNNNNGTC,GAC/GTC,GGA/TCC,M.BfaSI,BfaSIP,S1.BfaSI,4:195,208:359
BfrC42IP,CAGNNNNNGAT/ATCNNNNNCTG,CAG/CTG,ATC/GAT,M.BfrC42I,BfrC42IP,S.BfrC42I,40:206,232:403
Bgl188IP,CACNNNNNNTAYG/CRTANNNNNNGTG,CAC/GTG,CRTA/TAYG,M.Bgl188I,Bgl188IP,S.Bgl188I,19:195,214:392
Bhi13199IP,GCGANNNNNCTC/GAGNNNNNTCGC,GCGA/TCGC,GAG/CTC,M.Bhi13199I,Bhi13199IP,S.Bhi13199I,6:180,256:405
Bhi13200IP,GAANNNNNNGTTG/CAACNNNNNNTTC,GAA/TTC,CAAC/GTTG,M.Bhi13200I,Bhi13200IP,S.Bhi13200I,3:181,210:391
Bhy27164IP,CTAYNNNNRTC/GAYNNNNRTAG,CTAY/RTAG,GAY/RTC,M.Bhy27164I,Bhy27164IP,S.Bhy27164I,5:184,223:383
BisIIP,CNCANNNNNNNRTGT/ACAYNNNNNNNTGNG,CNCA/TGNG,ACAY/RTGT,M.BisII,BisIIP,S.BisII,35:204,239:405
Bli231IP,GAYNNNNNRTC,GAY/RTC,GAY/RTC,M.Bli231I,Bli231IP,S.Bli231I,1:172,193:353
Bli37IP,GAYNNNNNRTC,GAY/RTC,GAY/RTC,M.Bli37I,Bli37IP,S.Bli37I,1:172,193:353
Bli8721IP,CAAYNNNNNNNNTGC/GCANNNNNNNNRTTG,CAAY/RTTG,GCA/TGC,M.Bli8721I,Bli8721IP,S.Bli8721I,68:238,315:477
Blu1784IP,AAGNNNNNTGC/GCANNNNNCTT,AAG/CTT,GCA/TGC,M.Blu1784I,Blu1784IP,S.Blu1784I,52:190,201:333
Bme10508IP,ACCNNNNNGTCG/CGACNNNNNGGT,ACC/GGT,CGAC/GTCG,M.Bme10508I,Bme10508IP,S.Bme10508I,6:182,204:355
Bme10509IP,ACCNNNNNGTCG/CGACNNNNNGGT,ACC/GGT,CGAC/GTCG,M.Bme10509I,Bme10509IP,S.Bme10509I,6:182,204:355
Bme11IP,CCANNNNNNRTTNC/GNAAYNNNNNNTGG,CCA/TGG,GNAAY/RTTNC,M.Bme11I,Bme11IP,S.Bme11I,15:192,218:401
Bme8223IP,ACCNNNNNGTCG/CGACNNNNNGGT,ACC/GGT,CGAC/GTCG,M.Bme8223I,Bme8223IP,S.Bme8223I,6:182,204:355
Bme8334IP,ACCNNNNNGTCG/CGACNNNNNGGT,ACC/GGT,CGAC/GTCG,M.Bme8334I,Bme8334IP,S.Bme8334I,6:182,204:355
BmeD34IP,CCANNNNNNNCTC/GAGNNNNNNNTGG,CCA/TGG,GAG/CTC,M.BmeD34I,BmeD34IP,S.BmeD34I,27:206,265:447
Bmu246IIIP,CCANNNNNNGTTC/GAACNNNNNNTGG,CCA/TGG,GAAC/GTTC,M.Bmu246III,Bmu246IIIP,S.Bmu246III,3:184,212:398
Bne10070IP,ACCNNNNNGTCG/CGACNNNNNGGT,ACC/GGT,CGAC/GTCG,M.Bne10070I,Bne10070IP,S.Bne10070I,6:182,204:355
Bne10071IP,ACCNNNNNGTCG/CGACNNNNNGGT,ACC/GGT,CGAC/GTCG,M.Bne10071I,Bne10071IP,S.Bne10071I,6:182,204:355
Bne10084IP,ACCNNNNNGTCG/CGACNNNNNGGT,ACC/GGT,CGAC/GTCG,M.Bne10084I,Bne10084IP,S.Bne10084I,6:182,204:355
BokCIP,CCACNNNNWTCA/TGAWNNNNGTGG,CCAC/GTGG,TGAW/WTCA,M.BokCI,BokCIP,S.BokCI,12:200,249:425
Bov10512IP,ACCNNNNNGTCG/CGACNNNNNGGT,ACC/GGT,CGAC/GTCG,M.Bov10512I,Bov10512IP,S.Bov10512I,6:182,204:355
BpaFA6IP,GCANNNNNNNNRTRTC/GAYAYNNNNNNNNTGC,GCA/TGC,GAYAY/RTRTC,M.BpaFA6I,BpaFA6IP,S.BpaFA6I,68:235,309:480
Bpi12874IVP,GRNTANNNNNNNNNTGG/CCANNNNNNNNNTANYC,GRNTA/TANYC,CCA/TGG,M.Bpi12874IV,Bpi12874IVP,S.Bpi12874IV,90:280,371:547
Bps491IIP,ATCNNNNNNCTGG/CCAGNNNNNNGAT,ATC/GAT,CCAG/CTGG,M.Bps491II,Bps491IIP,S.Bps491II,21:189,225:407
Bps7894IIIP,CCANNNNNNNNRTGCC/GGCAYNNNNNNNNTGG,CCA/TGG,GGCAY/RTGCC,M.Bps7894III,Bps7894IIIP,S.Bps7894III,85:264,373:551
Bps840IIP,CGGANNNNNNNTGG/CCANNNNNNNTCCG,CGGA/TCCG,CCA/TGG,M.Bps840II,Bps840IIP,S.Bps840II,14:198,218:398
Bps982IIP,GTCANNNNNNTGG/CCANNNNNNTGAC,GTCA/TGAC,CCA/TGG,M.Bps982II,Bps982IIP,S.Bps982II,2:181,230:415
Bpu6033IP,GACNNNNNNRTCNC/GNGAYNNNNNNGTC,GAC/GTC,GNGAY/RTCNC,M.Bpu6033I,Bpu6033IP,S.Bpu6033I,27:195,241:424
Bsa18170IP,ATCNNNNNNRTCNNC/GNNGAYNNNNNNGAT,ATC/GAT,GNNGAY/RTCNNC,M.Bsa18170I,Bsa18170IP,S.Bsa18170I,20:188,224:408
Bsp14IP,GCANNNNNNNNNTGC,GCA/TGC,GCA/TGC,M.Bsp14I,Bsp14IP,S.Bsp14I,68:238,309:477
Bsp21507IP,CGANNNNNNNRTTT/AAAYNNNNNNNTCG,CGA/TCG,AAAY/RTTT,M.Bsp21507I,Bsp21507IP,S.Bsp21507I,7:182,199:363
Bsp3003IIIP,YTCANNNNNNNTCNNC/GNNGANNNNNNNTGAR,YTCA/TGAR,GNNGA/TCNNC,M.Bsp3003III,Bsp3003IIIP,S.Bsp3003III,16:203,229:413
Bsp3004IIIP,ATTYNNNNNNCTC/GAGNNNNNNRAAT,ATTY/RAAT,GAG/CTC,M.Bsp3004III,Bsp3004IIIP,S.Bsp3004III,16:204,317:409
BspLA1IP,GAANNNNNNCTCC/GGAGNNNNNNTTC,GAA/TTC,GGAG/CTCC,M.BspLA1I,BspLA1IP,S.BspLA1I,3:175,197:379
BspN11IP,CAGNNNNNNRTGG/CCAYNNNNNNCTG,CAG/CTG,CCAY/RTGG,M.BspN11I,BspN11IP,S.BspN11I,21:206,241:426
BsrFIIP,TTCANNNNNNNCTC/GAGNNNNNNNTGAA,TTCA/TGAA,GAG/CTC,M.BsrFII,BsrFIIP,S.BsrFII,28:206,263:444
Bst12778IP,TACNNNNNNRTCNNC/GNNGAYNNNNNNGTA,TAC/GTA,GNNGAY/RTCNNC,M.Bst12778I,Bst12778IP,S.Bst12778I,7:183,278:436
Bst67IIIP,CCANNNNNNNGATC/GATCNNNNNNNTGG,CCA/TGG,GATC/GATC,M.Bst67III,Bst67IIIP,S.Bst67III,21:199,235:402
BstUIIP,GATNNNNNNTCG/CGANNNNNNATC,GAT/ATC,CGA/TCG,M.BstUII,BstUIIP,S.BstUII,4:183,211:387
Bsu10097IP,ACCNNNNNGTCG/CGACNNNNNGGT,ACC/GGT,CGAC/GTCG,M.Bsu10097I,Bsu10097IP,S.Bsu10097I,6:182,204:355
Bsu10316IP,ACCNNNNNGTCG/CGACNNNNNGGT,ACC/GGT,CGAC/GTCG,M.Bsu10316I,Bsu10316IP,S.Bsu10316I,6:182,204:355
Bsu10400IP,CNCANNNNNNNRTGT/ACAYNNNNNNNTGNG,CNCA/TGNG,ACAY/RTGT,M.Bsu10400I,Bsu10400IP,S.Bsu10400I,35:204,239:405
Bsu21228IP,ACANNNNNNNRTCG/CGAYNNNNNNNTGT,ACA/TGT,CGAY/RTCG,M.Bsu21228I,Bsu21228IP,S.Bsu21228I,41:194,218:392
Bsu2KL1IP,ACANNNNNNNRTCG/CGAYNNNNNNNTGT,ACA/TGT,CGAY/RTCG,M.Bsu2KL1I,Bsu2KL1IP,S.Bsu2KL1I,41:194,218:392
Bsu5061IP,ACCNNNNNGTCG/CGACNNNNNGGT,ACC/GGT,CGAC/GTCG,M.Bsu5061I,Bsu5061IP,S.Bsu5061I,6:182,204:355
BsuGFR12IP,ACANNNNNNNRTCG/CGAYNNNNNNNTGT,ACA/TGT,CGAY/RTCG,M.BsuGFR12I,BsuGFR12IP,S.BsuGFR12I,41:194,218:392
BsuJ5IP,GAGNNNNNNCTG/CAGNNNNNNCTC,GAG/CTC,CAG/CTG,M.BsuJ5I,BsuJ5IP,S.BsuJ5I,2:187,220:405
BsuMH1KIP,GACNNNNNNNTTGG/CCAANNNNNNNGTC,GAC/GTC,CCAA/TTGG,M.BsuMH1KI,BsuMH1KIP,S.BsuMH1KI,27:195,241:417
BsuN11IP,ACANNNNNNNRTCG/CGAYNNNNNNNTGT,ACA/TGT,CGAY/RTCG,M.BsuN11I,BsuN11IP,S.BsuN11I,41:194,218:392
BsuN22IP,ACANNNNNNNRTCG/CGAYNNNNNNNTGT,ACA/TGT,CGAY/RTCG,M.BsuN22I,BsuN22IP,S.BsuN22I,41:194,218:392
BsuN31IP,ACANNNNNNNRTCG/CGAYNNNNNNNTGT,ACA/TGT,CGAY/RTCG,M.BsuN31I,BsuN31IP,S.BsuN31I,41:194,218:392
BsuN42IP,ACANNNNNNNRTCG/CGAYNNNNNNNTGT,ACA/TGT,CGAY/RTCG,M.BsuN42I,BsuN42IP,S.BsuN42I,41:194,218:392
BsuNIP,CNCANNNNNNNRTGT/ACAYNNNNNNNTGNG,CNCA/TGNG,ACAY/RTGT,M.BsuNI,BsuNIP,S.BsuNI,35:204,239:405
BsuNN1IP,AAGNNNNNNCRTC/GAYGNNNNNNCTT,AAG/CTT,GAYG/CRTC,M.BsuNN1I,BsuNN1IP,S.BsuNN1I,12:200,235:412
BsuRL23IP,ACANNNNNNNRTCG/CGAYNNNNNNNTGT,ACA/TGT,CGAY/RTCG,M.BsuRL23I,BsuRL23IP,S.BsuRL23I,41:194,218:392
BsuW23IP,CNCANNNNNNNRTGT/ACAYNNNNNNNTGNG,CNCA/TGNG,ACAY/RTGT,M.BsuW23I,BsuW23IP,S.BsuW23I,35:204,239:405
Bth18247IP,GNAAYNNNNNNNTAYG/CRTANNNNNNNRTTNC,GNAAY/RTTNC,CRTA/TAYG,M.Bth18247I,Bth18247IP,S.Bth18247I,21:208,240:430
Bth238IVP,GYAGNNNNNNNTGCC/GGCANNNNNNNCTRC,GYAG/CTRC,GGCA/TGCC,M.Bth238IV,Bth238IVP,S.Bth238IV,21:206,254:396
Btr190IP,GACNNNNNNCTC/GAGNNNNNNGTC,GAC/GTC,GAG/CTC,M.Btr190I,Btr190IP,S.Btr190I,302:486,519:688
Bve157IP,GCANNNNNNNCTC/GAGNNNNNNNTGC,GCA/TGC,GAG/CTC,M.Bve157I,Bve157IP,S.Bve157I,27:195,254:436
Bve316IP,CYYANNNNNNNRTNGC/GCNAYNNNNNNNTRRG,CYYA/TRRG,GCNAY/RTNGC,M.Bve316I,Bve316IP,S.Bve316I,27:210,280:461
Bve574IP,GCANNNNNNNCTC/GAGNNNNNNNTGC,GCA/TGC,GAG/CTC,M.Bve574I,Bve574IP,S.Bve574I,27:195,254:436
BveGYL4IP,CCANNNNNNRTTNC/GNAAYNNNNNNTGG,CCA/TGG,GNAAY/RTTNC,M.BveGYL4I,BveGYL4IP,S.BveGYL4I,15:192,218:401
BveKMU01IP,GAGNNNNNRTTNC/GNAAYNNNNNCTC,GAG/CTC,GNAAY/RTTNC,M.BveKMU01I,BveKMU01IP,S.BveKMU01I,16:195,221:404
BveMV2IP,GACNNNNNNNTTGG/CCAANNNNNNNGTC,GAC/GTC,CCAA/TTGG,M.BveMV2I,BveMV2IP,S.BveMV2I,27:195,241:417
BveNKG1IP,CGANNNNNNNCTTG/CAAGNNNNNNNTCG,CGA/TCG,CAAG/CTTG,M.BveNKG1I,BveNKG1IP,S.BveNKG1I,27:202,274:448
CakIP,GATNNNNNNNNTCGT/ACGANNNNNNNNATC,GAT/ATC,ACGA/TCGT,M.CakI,CakIP,S.CakI,72:198,234:417
CalB3IP,AGCNNNNNNRTTG/CAAYNNNNNNGCT,AGC/GCT,CAAY/RTTG,M.CalB3I,CalB3IP,S.CalB3I,23:197,235:413
Cam165IP,TTCANNNNNNTTC/GAANNNNNNTGAA,TTCA/TGAA,GAA/TTC,M.Cam165I,Cam165IP,S.Cam165I,1:179,194:371
Cba13IP,GAGNNNNNRTGT/ACAYNNNNNCTC,GAG/CTC,ACAY/RTGT,M.Cba13I,Cba13IP,S.Cba13I,54:232,267:431
Cbo1051IIP,ACANNNNNNGTAG/CTACNNNNNNTGT,ACA/TGT,CTAC/GTAG,M.Cbo1051II,Cbo1051IIP,S.Cbo1051II,1:163,181:359
Cbo13319IIIP,CTANNNNNNRTGAA/TTCAYNNNNNNTAG,CTA/TAG,TTCAY/RTGAA,M.Cbo13319III,Cbo13319IIIP,S.Cbo13319III,2:175,197:370
Cbo29IP,CTANNNNNNRTGAA/TTCAYNNNNNNTAG,CTA/TAG,TTCAY/RTGAA,M.Cbo29I,Cbo29IP,S.Cbo29I,2:175,197:370
Cbo64329IIP,CTANNNNNNRTGAA/TTCAYNNNNNNTAG,CTA/TAG,TTCAY/RTGAA,M.Cbo64329II,Cbo64329IIP,S.Cbo64329II,2:175,197:370
CboA634IIP,CTANNNNNNNTAG,CTA/TAG,CTA/TAG,M.CboA634II,CboA634IIP,S.CboA634II,2:175,194:366
CboB305IP,CTANNNNNNRTGAA/TTCAYNNNNNNTAG,CTA/TAG,TTCAY/RTGAA,M.CboB305I,CboB305IP,S.CboB305I,2:175,197:370
CboB515IP,CTANNNNNNRTGAA/TTCAYNNNNNNTAG,CTA/TAG,TTCAY/RTGAA,M.CboB515I,CboB515IP,S.CboB515I,2:175,197:370
CboB609IP,CTANNNNNNRTGAA/TTCAYNNNNNNTAG,CTA/TAG,TTCAY/RTGAA,M.CboB609I,CboB609IP,S.CboB609I,2:175,197:370
Cbr290IP,CCANNNNNNGTTC/GAACNNNNNNTGG,CCA/TGG,GAAC/GTTC,M.Cbr290I,Cbr290IP,S.Cbr290I,1:175,224:378
Cco9557IIP,CRAANNNNNNNRTTG/CAAYNNNNNNNTTYG,CRAA/TTYG,CAAY/RTTG,M.Cco9557II,Cco9557IIP,S.Cco9557II,6:183,212:393
CcrNAIIP,CGACNNNNNNNTRGG/CCYANNNNNNNGTCG,CGAC/GTCG,CCYA/TRGG,M.CcrNAII,CcrNAIIP,S.CcrNAII,21:202,238:421
CcuG1IP,GGANNNNNNNNTCG/CGANNNNNNNNTCC,GGA/TCC,CGA/TCG,M.CcuG1I,CcuG1IP,S.CcuG1I,30:191,243:407
Cdi197IP,GCGANNNNNNTGG/CCANNNNNNTCGC,GCGA/TCGC,CCA/TGG,M.Cdi197I,Cdi197IP,S.Cdi197I,11:185,199:345
Cdi267IP,CANNNNNNNTAAAG/CTTTANNNNNNNTG,CA/TG,CTTTA/TAAAG,M.Cdi267I,Cdi267IP,S.Cdi267I,2:170,189:378
Cdi81IIP,CANNNNNNNTAAAG/CTTTANNNNNNNTG,CA/TG,CTTTA/TAAAG,M.Cdi81II,Cdi81IIP,S.Cdi81II,2:170,189:378
CdiG46IP,CANNNNNNNTAAAG/CTTTANNNNNNNTG,CA/TG,CTTTA/TAAAG,M.CdiG46I,CdiG46IP,S.CdiG46I,2:170,189:378
Cfr101IP,CAACNNNNNCTT/AAGNNNNNGTTG,CAAC/GTTG,AAG/CTT,M.Cfr101I,Cfr101IP,S.Cfr101I,3:179,201:385
Cfr116IP,GATGNNNNNGTT/AACNNNNNCATC,GATG/CATC,AAC/GTT,M.Cfr116I,Cfr116IP,S.Cfr116I,22:195,223:407
CfrHM38IP,GAAYNNNNNNNGTTG/CAACNNNNNNNRTTC,GAAY/RTTC,CAAC/GTTG,M.CfrHM38I,CfrHM38IP,S.CfrHM38I,102:281,388:567
CfrMH17IP,RAACNNNNNNNCTGG/CCAGNNNNNNNGTTY,RAAC/GTTY,CCAG/CTGG,M.CfrMH17I,CfrMH17IP,S.CfrMH17I,102:280,387:569
Cfupf3IP,CACNNNNNNTGAR/YTCANNNNNNGTG,CAC/GTG,YTCA/TGAR,M.Cfupf3I,Cfupf3IP,S.Cfupf3I,10:188,241:401
Cgl56828IP,CTGANNNNNCTG/CAGNNNNNTCAG,CTGA/TCAG,CAG/CTG,M.Cgl56828I,Cgl56828IP,S.Cgl56828I,24:186,199:375
CinAA5IP,GTANNNNNNGRTC/GAYCNNNNNNTAC,GTA/TAC,GAYC/GRTC,M.CinAA5I,CinAA5IP,S.CinAA5I,17:174,175:358
Cis15098IP,GCANNNNNNCCT/AGGNNNNNNTGC,GCA/TGC,AGG/CCT,M.Cis15098I,Cis15098IP,S.Cis15098I,12:176,199:379
Cje13492IP,GACNNNNNNCTTA/TAAGNNNNNNGTC,GAC/GTC,TAAG/CTTA,M.Cje13492I,Cje13492IP,S.Cje13492I,2:175,190:373
Cje263VP,GCANNNNNRTTA/TAAYNNNNNTGC,GCA/TGC,TAAY/RTTA,M.Cje263V,Cje263VP,S.Cje263V,1:169,181:362
Cje32488IIIP,TAAYNNNNNNCTG/CAGNNNNNNRTTA,TAAY/RTTA,CAG/CTG,M.Cje32488III,Cje32488IIIP,S.Cje32488III,16:201,226:414
Cje328IP,AGGNNNNNGTT/AACNNNNNCCT,AGG/CCT,AAC/GTT,M.Cje328I,Cje328IP,S.Cje328I,56:201,229:410
Cje54107IP,CTANNNNNNNNTAYC/GRTANNNNNNNNTAG,CTA/TAG,GRTA/TAYC,M.Cje54107I,Cje54107IP,S.Cje54107I,9:185,214:377
CjeF38011IIP,CTANNNNNNNNTAYC/GRTANNNNNNNNTAG,CTA/TAG,GRTA/TAYC,M.CjeF38011II,CjeF38011IIP,S.CjeF38011II,11:187,216:380
CjeFIIP,AGTNNNNNNRTTG/CAAYNNNNNNACT,AGT/ACT,CAAY/RTTG,M.CjeFII,CjeFII,S.CjeFII,53:191,223:402
CjeFIVP,GCANNNNNRTTA/TAAYNNNNNTGC,GCA/TGC,TAAY/RTTA,M.CjeFIV,CjeFIV,S.CjeFIV,1:169,181:362
CjeIAIIP,GCANNNNNRTTA/TAAYNNNNNTGC,GCA/TGC,TAAY/RTTA,M.CjeIAII,CjeIAIIP,S.CjeIAII,1:169,181:362
CjeNIVP,GCANNNNNRTTA/TAAYNNNNNTGC,GCA/TGC,TAAY/RTTA,M.CjeNIV,CjeNIV,S.CjeNIV,1:169,181:362
CjeYH002VP,GCANNNNNRTTA/TAAYNNNNNTGC,GCA/TGC,TAAY/RTTA,M.CjeYH002V,CjeYH002VP,S.CjeYH002V,1:169,181:362
CljIIP,CAGNNNNNGAT/ATCNNNNNCTG,CAG/CTG,ATC/GAT,M.CljII,CljIIP,S.CljII,16:206,235:406
Cly7489IP,CYYANNNNNNNNTCNG/CNGANNNNNNNNTRRG,CYYA/TRRG,CNGA/TCNG,M.Cly7489I,Cly7489IP,S.Cly7489I,1:179,299:392
Cne392IP,GYAGNNNNNGGT/ACCNNNNNCTRC,GYAG/CTRC,ACC/GGT,M.Cne392I,Cne392IP,S.Cne392I,33:197,223:400
CneH16IP,GAYNNNNNCTTGY/RCAAGNNNNNRTC,GAY/RTC,RCAAG/CTTGY,M.CneH16I,CneH16IP,S.CneH16I,2:166,221:391
Cpa18696IIP,RAAANNNNNNNNTCGC/GCGANNNNNNNNTTTY,RAAA/TTTY,GCGA/TCGC,M.Cpa18696II,Cpa18696IIP,S.Cpa18696II,56:242,311:484
CpaYL7IP,CTANNNNNNTAG,CTA/TAG,CTA/TAG,M.CpaYL7I,CpaYL7IP,S.CpaYL7I,2:174,203:380
Cpe23910IIP,TAAYNNNNNNRTTG/CAAYNNNNNNRTTA,TAAY/RTTA,CAAY/RTTG,M.Cpe23910II,Cpe23910IIP,S.Cpe23910II,9:186,215:397
CpeAIP,CACNNNNNRTAAA/TTTAYNNNNNGTG,CAC/GTG,TTTAY/RTAAA,M.CpeAI,CpeAIP,S.CpeAI,18:197,223:397
Csa8155IP,GAANNNNNNNTAAA/TTTANNNNNNNTTC,GAA/TTC,TTTA/TAAA,M.Csa8155I,Csa8155IP,S.Csa8155I,13:182,199:380
CsaIP,GAGNNNNNNGTGG/CCACNNNNNNCTC,GAG/CTC,CCAC/GTGG,M.CsaI,CsaIP,S.CsaI,25:199,299:484
CsiFSMIIIP,GGANNNNNNNNTCC,GGA/TCC,GGA/TCC,M.CsiFSMIII,CsiFSMIIIP,S.CsiFSMIII,13:165,188:340
CsiPES1IP,GGANNNNNNNNTCC,GGA/TCC,GGA/TCC,M.CsiPES1I,CsiPES1IP,S.CsiPES1I,13:165,188:340
Csp156IP,CCAYNNNNNTGT/ACANNNNNRTGG,CCAY/RTGG,ACA/TGT,M.Csp156I,Csp156IP,S.Csp156I,2:188,259:425
Csp16704IP,ACANNNNNNNNTCG/CGANNNNNNNNTGT,ACA/TGT,CGA/TCG,M.Csp16704I,Csp16704IP,S.Csp16704I,3:165,194:371
Csp205IP,TTCANNNNNNNNCTC/GAGNNNNNNNNTGAA,TTCA/TGAA,GAG/CTC,M.Csp205I,Csp205IP,S.Csp205I,68:246,318:490
Csp323IIIP,AACNNNNNNCTT/AAGNNNNNNGTT,AAC/GTT,AAG/CTT,M.Csp323III,Csp323IIIP,S.Csp323III,18:203,226:411
CspCP1IP,CAAYNNNNNCTAY/RTAGNNNNNRTTG,CAAY/RTTG,RTAG/CTAY,M.CspCP1I,CspCP1IP,S.CspCP1I,15:189,215:396
CspF0512IIP,ATGNNNNCCT/AGGNNNNCAT,ATG/CAT,AGG/CCT,M.CspF0512II,CspF0512IIP,S.CspF0512II,8:170,189:354
CspWCF2IP,ACTNNNNNNGGT/ACCNNNNNNAGT,ACT/AGT,ACC/GGT,M.CspWCF2I,CspWCF2IP,S.CspWCF2I,19:196,228:401
Dae16536IP,GACNNNNNNNCTGG/CCAGNNNNNNNGTC,GAC/GTC,CCAG/CTGG,M.Dae16536I,Dae16536IP,S.Dae16536I,86:258,365:548
Dal1302IP,GCANNNNNNNGTG/CACNNNNNNNTGC,GCA/TGC,CAC/GTG,M.Dal1302I,Dal1302IP,S.Dal1302I,28:199,234:412
DniM25IP,CACNNNNNNCTCC/GGAGNNNNNNGTG,CAC/GTG,GGAG/CTCC,M.DniM25I,DniM25IP,S.DniM25I,4:180,259:386
Dor12838IIP,GACNNNNNNRTAC/GTAYNNNNNNGTC,GAC/GTC,GTAY/RTAC,M.Dor12838II,Dor12838IIP,S.Dor12838II,21:190,237:398
Dpi3246IP,CRTANNNNNNNTCNNC/GNNGANNNNNNNTAYG,CRTA/TAYG,GNNGA/TCNNC,M.Dpi3246I,Dpi3246IP,S.Dpi3246I,5:175,197:381
DvuIP,TGACNNNNNNTTC/GAANNNNNNGTCA,TGAC/GTCA,GAA/TTC,M.DvuI,DvuI,S.DvuI,23:187,208:387
Ead53IIP,GGCANNNNNNNTTTC/GAAANNNNNNNTGCC,GGCA/TGCC,GAAA/TTTC,M.Ead53II,Ead53IIP,S.Ead53II,1:176,196:353
Ean132IP,GGYANNNNNNTCG/CGANNNNNNTRCC,GGYA/TRCC,CGA/TCG,M.Ean132I,Ean132IP,S.Ean132I,1:156,183:359
Ean134IP,GGYANNNNNNTCG/CGANNNNNNTRCC,GGYA/TRCC,CGA/TCG,M.Ean134I,Ean134IP,S.Ean134I,1:156,183:359
EasL1IP,GCCANNNNNNNTGAY/RTCANNNNNNNTGGC,GCCA/TGGC,RTCA/TGAY,M.EasL1I,EasL1IP,S.EasL1I,11:193,220:387
Eau6208IP,CRTANNNNNNGTT/AACNNNNNNTAYG,CRTA/TAYG,AAC/GTT,M.Eau6208I,Eau6208IP,S.Eau6208I,15:187,213:393
EbaNIH1IP,AGCNNNNNNNTCAC/GTGANNNNNNNGCT,AGC/GCT,GTGA/TCAC,M.EbaNIH1I,EbaNIH1IP,S.EbaNIH1I,22:199,232:407
EbaNIH2IP,GNTAYNNNNNCTC/GAGNNNNNRTANC,GNTAY/RTANC,GAG/CTC,M.EbaNIH2I,EbaNIH2IP,S.EbaNIH2I,13:180,203:379
Ecl50IP,TTCANNNNNNTCG/CGANNNNNNTGAA,TTCA/TGAA,CGA/TCG,M.Ecl50I,Ecl50IP,S.Ecl50I,1:179,194:373
Ecl884AIP,RTCANNNNNNNNNTRGG/CCYANNNNNNNNNTGAY,RTCA/TGAY,CCYA/TRGG,M.Ecl884AI,Ecl884AIP,S.Ecl884AI,102:272,407:565
Ecl91IP,GATANNNNNNNTGC/GCANNNNNNNTATC,GATA/TATC,GCA/TGC,M.Ecl91I,Ecl91IP,S.Ecl91I,4:191,216:385
Ecl93IP,GTAYNNNNNCTA/TAGNNNNNRTAC,GTAY/RTAC,TAG/CTA,M.Ecl93I,Ecl93IP,S.Ecl93I,3:164,190:369
EclNH77IP,GGANNNNNNNAATC/GATTNNNNNNNTCC,GGA/TCC,GATT/AATC,M.EclNH77I,EclNH77IP,S.EclNH77I,22:178,259:386
EclNIH3IP,GATANNNNNNNTGC/GCANNNNNNNTATC,GATA/TATC,GCA/TGC,M.EclNIH3I,EclNIH3IP,S.EclNIH3I,4:191,216:385
EclNIH4IP,CATCNNNNNNTCC/GGANNNNNNGATG,CATC/GATG,GGA/TCC,M.EclNIH4I,EclNIH4IP,S.EclNIH4I,36:186,213:365
EclNIH5IP,GATANNNNNNNTGC/GCANNNNNNNTATC,GATA/TATC,GCA/TGC,M.EclNIH5I,EclNIH5IP,S.EclNIH5I,4:191,216:385
Eco0398IP,CACNNNNNNNCTGG/CCAGNNNNNNNGTG,CAC/GTG,CCAG/CTGG,M.Eco0398I,Eco0398IP,S.Eco0398I,102:278,385:567
Eco051IP,AACNNNNNNGTGC/GCACNNNNNNGTT,AAC/GTT,GCAC/GTGC,M.Eco051I,Eco051IP,S.Eco051I,7:191,307:405
Eco053IP,AACNNNNNNGTGC/GCACNNNNNNGTT,AAC/GTT,GCAC/GTGC,M.Eco053I,Eco053IP,S.Eco053I,7:191,307:405
Eco067IIP,CAAYNNNNNNCTGG/CCAGNNNNNNRTTG,CAAY/RTTG,CCAG/CTGG,M.Eco067II,Eco067IIP,S.Eco067II,13:198,215:404
Eco067IP,CCANNNNNNNCTTC/GAAGNNNNNNNTGG,CCA/TGG,GAAG/CTTC,M.Eco067I,Eco067IP,S.Eco067I,7:188,216:396
Eco06IP,TTCANNNNNNNNCTGG/CCAGNNNNNNNNTGAA,TTCA/TGAA,CCAG/CTGG,M.Eco06I,Eco06IP,S.Eco06I,101:280,387:569
Eco10386IP,TACNNNNNNNRTRTC/GAYAYNNNNNNNGTA,TAC/GTA,GAYAY/RTRTC,M.Eco10386I,Eco10386IP,S.Eco10386I,133:283,390:573
Eco1109IP,AAGANNNNNCTC/GAGNNNNNTCTT,AAGA/TCTT,GAG/CTC,M.Eco1109I,Eco1109IP,S.Eco1109I,1:194,208:383
Eco1130IP,CACNNNNNNNCTGG/CCAGNNNNNNNGTG,CAC/GTG,CCAG/CTGG,M.Eco1130I,Eco1130IP,S.Eco1130I,102:278,385:567
Eco119IP,CCANNNNNNNNNTTGG/CCAANNNNNNNNNTGG,CCA/TGG,CCAA/TTGG,M.Eco119I,Eco119IP,S.Eco119I,102:282,389:566
Eco13432IP,ACAGNNNNNNTGC/GCANNNNNNCTGT,ACAG/CTGT,GCA/TGC,M.Eco13432I,Eco13432IP,S.Eco13432I,21:186,214:381
Eco137IIP,GAANNNNNNTAYG/CRTANNNNNNTTC,GAA/TTC,CRTA/TAYG,M.Eco137II,Eco137IIP,S.Eco137II,14:195,212:392
Eco137IP,ACGNNNNNGTTG/CAACNNNNNCGT,ACG/CGT,CAAC/GTTG,M.Eco137I,Eco137IP,S.Eco137I,71:200,228:406
Eco1655IP,AACNNNNNNGTGC/GCACNNNNNNGTT,AAC/GTT,GCAC/GTGC,M.Eco1655I,Eco1655IP,S.Eco1655I,7:191,307:405
Eco1821IP,AACNNNNNNGTGC/GCACNNNNNNGTT,AAC/GTT,GCAC/GTGC,M.Eco1821I,Eco1821IP,S.Eco1821I,7:191,307:405
Eco2149IP,CACNNNNNNNCTGG/CCAGNNNNNNNGTG,CAC/GTG,CCAG/CTGG,M.Eco2149I,Eco2149IP,S.Eco2149I,102:278,385:567
Eco2159IP,CACNNNNNNNCTGG/CCAGNNNNNNNGTG,CAC/GTG,CCAG/CTGG,M.Eco2159I,Eco2159IP,S.Eco2159I,102:278,385:567
Eco2747IIP,GAANNNNNNNTAAA/TTTANNNNNNNTTC,GAA/TTC,TTTA/TAAA,M.Eco2747II,Eco2747IIP,S.Eco2747II,13:182,199:380
Eco2747IP,CACNNNNNNNGTTG/CAACNNNNNNNGTG,CAC/GTG,CAAC/GTTG,M.Eco2747I,Eco2747IP,S.Eco2747I,102:278,385:564
Eco293IP,CACNNNNNNNCTGG/CCAGNNNNNNNGTG,CAC/GTG,CCAG/CTGG,M.Eco293I,Eco293IP,S.Eco293I,102:278,385:567
Eco299IP,CGAYNNNNNNNRTDCC/GGHAYNNNNNNNRTCG,CGAY/RTCG,GGHAY/RTDCC,M.Eco299I,Eco299IP,S.Eco299I,102:283,390:559
Eco3026IP,AACNNNNNNGTGC/GCACNNNNNNGTT,AAC/GTT,GCAC/GTGC,M.Eco3026I,Eco3026IP,S.Eco3026I,7:191,307:405
Eco3165IP,CACNNNNNNGTTG/CAACNNNNNNGTG,CAC/GTG,CAAC/GTTG,M.Eco3165I,Eco3165IP,S.Eco3165I,7:182,213:393
Eco3325IP,RTCANNNNNNCTC/GAGNNNNNNTGAY,RTCA/TGAY,GAG/CTC,M.Eco3325I,Eco3325IP,S.Eco3325I,14:188,211:387
Eco3384IP,CACNNNNNNNCTGG/CCAGNNNNNNNGTG,CAC/GTG,CCAG/CTGG,M.Eco3384I,Eco3384IP,S.Eco3384I,102:278,385:567
Eco348IP,RTCANNNNNNNNGTGG/CCACNNNNNNNNTGAY,RTCA/TGAY,CCAC/GTGG,M.Eco348I,Eco348IP,S.Eco348I,102:272,379:563
Eco349IP,RTCANNNNNNNNGTGG/CCACNNNNNNNNTGAY,RTCA/TGAY,CCAC/GTGG,M.Eco349I,Eco349IP,S.Eco349I,102:272,379:563
Eco3722IP,AACNNNNNNGTGC/GCACNNNNNNGTT,AAC/GTT,GCAC/GTGC,M.Eco3722I,Eco3722IP,S.Eco3722I,7:191,307:405
Eco3740IP,RTCANNNNNNCTC/GAGNNNNNNTGAY,RTCA/TGAY,GAG/CTC,M.Eco3740I,Eco3740IP,S.Eco3740I,14:188,211:387
Eco401IP,RTCANNNNNNNNGTGG/CCACNNNNNNNNTGAY,RTCA/TGAY,CCAC/GTGG,M.Eco401I,Eco401IP,S.Eco401I,102:272,379:563
Eco403IP,RTCANNNNNNNNGTGG/CCACNNNNNNNNTGAY,RTCA/TGAY,CCAC/GTGG,M.Eco403I,Eco403IP,S.Eco403I,102:272,379:563
Eco4276IP,CACNNNNNNNCTGG/CCAGNNNNNNNGTG,CAC/GTG,CCAG/CTGG,M.Eco4276I,Eco4276IP,S.Eco4276I,102:278,385:567
Eco433IP,ACAYNNNNCTG/CAGNNNNRTGT,ACAY/RTGT,CAG/CTG,M.Eco433I,Eco433IP,S.Eco433I,1:167,183:370
Eco4356IP,CGANNNNNNNNTCGC/GCGANNNNNNNNTCG,CGA/TCG,GCGA/TCGC,M.Eco4356I,Eco4356IP,S.Eco4356I,7:183,222:402
Eco43886IP,ACAGNNNNNNTGC/GCANNNNNNCTGT,ACAG/CTGT,GCA/TGC,M.Eco43886I,Eco43886IP,S.Eco43886I,21:186,214:381
Eco4465IP,CACNNNNNNNCTGG/CCAGNNNNNNNGTG,CAC/GTG,CCAG/CTGG,M.Eco4465I,Eco4465IP,S.Eco4465I,102:278,385:567
Eco51542IP,TAACNNNNNTGA/TCANNNNNGTTA,TAAC/GTTA,TCA/TGA,M.Eco51542I,Eco51542IP,S.Eco51542I,14:192,274:447
Eco540IP,GAANNNNNNRTCG/CGAYNNNNNNTTC,GAA/TTC,CGAY/RTCG,M.Eco540I,Eco540IP,S.Eco540I,13:182,198:381
Eco61770IP,AACNNNNNNGTGC/GCACNNNNNNGTT,AAC/GTT,GCAC/GTGC,M.Eco61770I,Eco61770IP,S.Eco61770I,7:191,307:405
Eco6409IP,CCANNNNNNNNTGAA/TTCANNNNNNNNTGG,CCA/TGG,TTCA/TGAA,M.Eco6409I,Eco6409IP,S.Eco6409I,13:201,221:398
Eco8368IP,CACNNNNNNNCTGG/CCAGNNNNNNNGTG,CAC/GTG,CCAG/CTGG,M.Eco8368I,Eco8368IP,S.Eco8368I,102:278,385:567
Eco8385IP,TACNNNNNNNRTRTC/GAYAYNNNNNNNGTA,TAC/GTA,GAYAY/RTRTC,M.Eco8385I,Eco8385IP,S.Eco8385I,133:283,390:573
Eco8426IP,TACNNNNNNNRTRTC/GAYAYNNNNNNNGTA,TAC/GTA,GAYAY/RTRTC,M.Eco8426I,Eco8426IP,S.Eco8426I,133:283,390:573
Eco9001IP,AGCANNNNNNTGA/TCANNNNNNTGCT,AGCA/TGCT,TCA/TGA,M.Eco9001I,Eco9001IP,S.Eco9001I,19:190,261:406
Eco9234IP,CACNNNNNNNCTGG/CCAGNNNNNNNGTG,CAC/GTG,CCAG/CTGG,M.Eco9234I,Eco9234IP,S.Eco9234I,102:278,385:567
Eco9281IP,RTACNNNNGTG/CACNNNNGTAY,RTAC/GTAY,CAC/GTG,M.Eco9281I,Eco9281IP,S.Eco9281I,2:160,231:399
Eco933IP,CACNNNNNNNCTGG/CCAGNNNNNNNGTG,CAC/GTG,CCAG/CTGG,M.Eco933I,Eco933IP,S.Eco933I,102:278,385:567
EcoAIP,GAGNNNNNNNGTCA/TGACNNNNNNNCTC,GAG/CTC,TGAC/GTCA,M.EcoAI,EcoAI,S.EcoAI,102:284,391:574
EcoAO83IP,GGANNNNNNNNATGC/GCATNNNNNNNNTCC,GGA/TCC,GCAT/ATGC,M.EcoAO83I,EcoAO83I,S.EcoAO83I,102:259,366:552
EcoB4103IP,TTCANNNNNCTC/GAGNNNNNTGAA,TTCA/TGAA,GAG/CTC,M.EcoB4103I,EcoB4103IP,S.EcoB4103I,1:179,194:368
EcoBE104IP,AACNNNNNNGTGC/GCACNNNNNNGTT,AAC/GTT,GCAC/GTGC,M.EcoBE104I,EcoBE104IP,S.EcoBE104I,7:191,307:405
EcoBH212IP,AACNNNNNNGTGC/GCACNNNNNNGTT,AAC/GTT,GCAC/GTGC,M.EcoBH212I,EcoBH212IP,S.EcoBH212I,7:191,307:405
EcoC600IP,AACNNNNNNGTGC/GCACNNNNNNGTT,AAC/GTT,GCAC/GTGC,M.EcoC600I,EcoC600IP,S.EcoC600I,7:191,307:405
EcoCFTIP,GAGNNNNNNNGTCA/TGACNNNNNNNCTC,GAG/CTC,TGAC/GTCA,M.EcoCFTI,EcoCFTIP,S.EcoCFTI,102:284,391:574
EcoCI5IP,GACNNNNNNRTAAY/RTTAYNNNNNNGTC,GAC/GTC,RTTAY/RTAAY,M.EcoCI5I,EcoCI5IP,S.EcoCI5I,70:195,213:369
EcoDHB4IP,AACNNNNNNGTGC/GCACNNNNNNGTT,AAC/GTT,GCAC/GTGC,M.EcoDHB4I,EcoDHB4IP,S.EcoDHB4I,7:191,307:405
EcoEC149IP,AACNNNNNNGTGC/GCACNNNNNNGTT,AAC/GTT,GCAC/GTGC,M.EcoEC149I,EcoEC149IP,S.EcoEC149I,7:191,307:405
EcoEIP,GAGNNNNNNNATGC/GCATNNNNNNNCTC,GAG/CTC,GCAT/ATGC,M.EcoEI,EcoEI,S.EcoEI,102:284,391:578
EcoF5505IP,ACAGNNNNNNTGC/GCANNNNNNCTGT,ACAG/CTGT,GCA/TGC,M.EcoF5505I,EcoF5505IP,S.EcoF5505I,21:186,214:381
EcoF5656IP,CACNNNNNNGTTG/CAACNNNNNNGTG,CAC/GTG,CAAC/GTTG,M.EcoF5656I,EcoF5656IP,S.EcoF5656I,7:182,213:393
EcoF6326IP,CAAYNNNNNCTGC/GCAGNNNNNRTTG,CAAY/RTTG,GCAG/CTGC,M.EcoF6326I,EcoF6326IP,S.EcoF6326I,4:175,195:382
EcoF6699IP,GGCANNNNNNNTTC/GAANNNNNNNTGCC,GGCA/TGCC,GAA/TTC,M.EcoF6699I,EcoF6699IP,S.EcoF6699I,3:154,183:340
EcoJA03PIP,GATGNNNNNCTG/CAGNNNNNCATC,GATG/CATC,CAG/CTG,M.EcoJA03PI,EcoJA03PIP,S.EcoJA03PI,22:195,223:408
EcoJA17PIP,GAGNNNNNNNGTCA/TGACNNNNNNNCTC,GAG/CTC,TGAC/GTCA,M.EcoJA17PI,EcoJA17PIP,S.EcoJA17PI,102:284,391:574
EcoJA23PIP,GAGNNNNNNNGTCA/TGACNNNNNNNCTC,GAG/CTC,TGAC/GTCA,M.EcoJA23PI,EcoJA23PIP,S.EcoJA23PI,102:284,391:574
EcoJA65PIP,AGCANNNNNNTGA/TCANNNNNNTGCT,AGCA/TGCT,TCA/TGA,M.EcoJA65PI,EcoJA65PIP,S.EcoJA65PI,19:190,261:406
EcoJA69PIP,CCANNNNNNNCTTC/GAAGNNNNNNNTGG,CCA/TGG,GAAG/CTTC,M.EcoJA69PI,EcoJA69PIP,S.EcoJA69PI,7:188,216:396
EcoK54IP,AACNNNNNNGTGC/GCACNNNNNNGTT,AAC/GTT,GCAC/GTGC,M.EcoK54I,EcoK54IP,S.EcoK54I,7:191,307:405
EcoKIP,AACNNNNNNGTGC/GCACNNNNNNGTT,AAC/GTT,GCAC/GTGC,M.EcoKI,EcoKI,S.EcoKI,7:191,307:405
EcoM9682IP,CACNNNNNNGTTG/CAACNNNNNNGTG,CAC/GTG,CAAC/GTTG,M.EcoM9682I,EcoM9682IP,S.EcoM9682I,7:182,213:393
EcoMC01IP,AACNNNNNNGTGC/GCACNNNNNNGTT,AAC/GTT,GCAC/GTGC,M.EcoMC01I,EcoMC01IP,S.EcoMC01I,7:191,307:405
EcoMIIIP,AAAGNNNNGTT/AACNNNNCTTT,AAAG/CTTT,AAC/GTT,M.EcoMIII,EcoMIIIP,S.EcoMIII,2:174,215:392
EcoMIIP,RTACNNNNGTG/CACNNNNGTAY,RTAC/GTAY,CAC/GTG,M.EcoMII,EcoMII,S.EcoMII,2:160,231:399
EcoNIH1IIIP,GATGNNNNNNTAC/GTANNNNNNCATC,GATG/CATC,GTA/TAC,M.EcoNIH1III,EcoNIH1IIIP,S.EcoNIH1III,22:195,225:379
EcoNIH1IIP,YTCANNNNNNGTTY/RAACNNNNNNTGAR,YTCA/TGAR,RAAC/GTTY,M.EcoNIH1II,EcoNIH1IIP,S.EcoNIH1II,27:217,253:430
EcoNIH1IP,AACNNNNNNGTGC/GCACNNNNNNGTT,AAC/GTT,GCAC/GTGC,M.EcoNIH1I,EcoNIH1IP,S.EcoNIH1I,7:191,307:405
EcoNIH2IP,GGANNNNNNNNATGC/GCATNNNNNNNNTCC,GGA/TCC,GCAT/ATGC,M.EcoNIH2I,EcoNIH2IP,S.EcoNIH2I,102:259,366:552
EcoNU14IP,CCANNNNNNNCTTC/GAAGNNNNNNNTGG,CCA/TGG,GAAG/CTTC,M.EcoNU14I,EcoNU14IP,S.EcoNU14I,7:188,216:396
EcoprrIP,CCANNNNNNNRTGC/GCAYNNNNNNNTGG,CCA/TGG,GCAY/RTGC,M.EcoprrI,EcoprrI,S.EcoprrI,13:201,220:378
EcoR124IIP,GAANNNNNNNRTCG/CGAYNNNNNNNTTC,GAA/TTC,CGAY/RTCG,M.EcoR124II,EcoR124II,S.EcoR124II,13:185,202:386
EcoR124IP,GAANNNNNNRTCG/CGAYNNNNNNTTC,GAA/TTC,CGAY/RTCG,M.EcoR124I,EcoR124I,S.EcoR124I,13:182,198:381
EcoR9IP,AGCANNNNNNTGA/TCANNNNNNTGCT,AGCA/TGCT,TCA/TGA,M.EcoR9I,EcoR9I,S.EcoR9I,19:190,261:406
EcoS133IIP,GATANNNNNNTAG/CTANNNNNNTATC,GATA/TATC,CTA/TAG,M.EcoS133II,EcoS133IIP,S.EcoS133II,13:188,259:409
EcoS448IP,CCANNNNNNNCTTC/GAAGNNNNNNNTGG,CCA/TGG,GAAG/CTTC,M.EcoS448I,EcoS448IP,S.EcoS448I,7:188,216:396
EcoS472IP,AAGNNNNNNNCTGG/CCAGNNNNNNNCTT,AAG/CTT,CCAG/CTGG,M.EcoS472I,EcoS472IP,S.EcoS472I,102:288,395:577
EcoSanIP,TGANNNNNNCTTC/GAAGNNNNNNTCA,TGA/TCA,GAAG/CTTC,M.EcoSanI,EcoSanIP,S.EcoSanI,1:167,191:370
EcoSH1IP,CGTANNNNNGTC/GACNNNNNTACG,CGTA/TACG,GAC/GTC,M.EcoSH1I,EcoSH1IP,S.EcoSH1I,3:193,264:436
EcoVR50IP,TGANNNNNNNNTGCT/AGCANNNNNNNNTCA,TGA/TCA,AGCA/TGCT,M.EcoVR50I,EcoVR50IP,S.EcoVR50I,23:192,256:415
EfaDMEA02IP,CNRTANNNNNNRTTG/CAAYNNNNNNTAYNG,CNRTA/TAYNG,CAAY/RTTG,M.EfaDMEA02I,EfaDMEA02IP,S.EfaDMEA02I,15:201,227:401
Ehi234IP,CCANNNNNNTTGA/TCAANNNNNNTGG,CCA/TGG,TCAA/TTGA,M.Ehi234I,Ehi234IP,S.Ehi234I,15:192,218:405
Eho16691IP,RTCANNNNNNNNNTRGG/CCYANNNNNNNNNTGAY,RTCA/TGAY,CCYA/TRGG,M.Eho16691I,Eho16691IP,S.Eho16691I,102:272,407:565
Eox12280IP,AAAYNNNNNGTG/CACNNNNNRTTT,AAAY/RTTT,CAC/GTG,M.Eox12280I,Eox12280IP,S.Eox12280I,15:179,205:376
EpeB64IP,GCAYNNNNNNTYTC/GARANNNNNNRTGC,GCAY/RTGC,GARA/TYTC,M.EpeB64I,EpeB64IP,S.EpeB64I,30:191,219:395
EpiCK41IP,RGACNNNNNGTNG/CNACNNNNNGTCY,RGAC/GTCY,CNAC/GTNG,M.EpiCK41I,EpiCK41IP,S.EpiCK41I,27:205,242:421
EsaSP1IP,GAGNNNNNNCTTC/GAAGNNNNNNCTC,GAG/CTC,GAAG/CTTC,M.EsaSP1I,EsaSP1IP,S.EsaSP1I,8:186,230:398
Esp375IP,GAYNNNNNNCTTA/TAAGNNNNNNRTC,GAY/RTC,TAAG/CTTA,M.Esp375I,Esp375IP,S.Esp375I,15:187,213:387
Fba202Z8IP,GAGNNNNNGTTY/RAACNNNNNCTC,GAG/CTC,RAAC/GTTY,M.Fba202Z8I,Fba202Z8IP,S.Fba202Z8I,34:212,236:411
FchCBS1IP,GAANNNNNNCTT/AAGNNNNNNTTC,GAA/TTC,AAG/CTT,M.FchCBS1I,FchCBS1IP,S.FchCBS1I,9:169,213:404
Fli6794IP,GATNNNNNNNNTTGG/CCAANNNNNNNNATC,GAT/ATC,CCAA/TTGG,M.Fli6794I,Fli6794IP,S.Fli6794I,28:204,239:419
FnoB1IP,GAYNNNNNNNTGG/CCANNNNNNNRTC,GAY/RTC,CCA/TGG,M.FnoB1I,FnoB1IP,S.FnoB1I,8:181,225:404
Fsa33148IP,GAGNNNNNNTTG/CAANNNNNNCTC,GAG/CTC,CAA/TTG,M.Fsa33148I,Fsa33148IP,S.Fsa33148I,19:196,216:372
Gba708IP,TGANNNNNNNCTGG/CCAGNNNNNNNTCA,TGA/TCA,CCAG/CTGG,M.Gba708I,Gba708IP,S.Gba708I,23:186,209:376
Gel16401IP,GAGNNNNNNRTTRG/CYAAYNNNNNNCTC,GAG/CTC,CYAAY/RTTRG,M.Gel16401I,Gel16401IP,S.Gel16401I,10:196,285:450
GthID1IP,GAAANNNNNNTCNG/CNGANNNNNNTTTC,GAAA/TTTC,CNGA/TCNG,M.GthID1I,GthID1IP,S.GthID1I,7:190,218:408
Hal158IP,RTAGNNNNNNTGAY/RTCANNNNNNCTAY,RTAG/CTAY,RTCA/TGAY,M.Hal158I,Hal158IP,S.Hal158I,28:209,235:403
Hal5920IP,GAAYNNNNNNNRTTTC/GAAAYNNNNNNNRTTC,GAAY/RTTC,GAAAY/RTTTC,M.Hal5920I,Hal5920IP,S.Hal5920I,102:281,388:571
HchIP,GAANNNNNNTCGG/CCGANNNNNNTTC,GAA/TTC,CCGA/TCGG,M.HchI,HchIP,S.HchI,2:183,200:382
Hka19301IP,CCANNNNNNRTCC/GGAYNNNNNNTGG,CCA/TGG,GGAY/RTCC,M.Hka19301I,Hka19301IP,S.Hka19301I,34:212,241:411
Hma11271IP,AACNNNNNNNTCCA/TGGANNNNNNNGTT,AAC/GTT,TGGA/TCCA,M.Hma11271I,Hma11271IP,S.Hma11271I,9:191,281:461
Hpy66XVP,CAGNNNNNTC/GANNNNNCTG,CAG/CTG,GA/TC,M.Hpy66XV,Hpy66XVP,S.Hpy66XV,2:187,199:355
Hpy99XXP,CCANNNNNNTTT/AAANNNNNNTGG,CCA/TGG,AAA/TTT,M.Hpy99XX,Hpy99XXP,S.Hpy99XX,1:180,221:392
HpyUM032XIIP,CRTANNNNNNNTC/GANNNNNNNTAYG,CRTA/TAYG,GA/TC,M.HpyUM032XII,HpyUM032XIIP,S.HpyUM032XII,7:176,198:354
HpyUM032XVIP,CCANNNNNNTC/GANNNNNNTGG,CCA/TGG,GA/TC,M.HpyUM032XVI,HpyUM032XVIP,S.HpyUM032XVI,1:180,194:348
Hqi19763IP,CNAGNNNNNNTANYC/GRNTANNNNNNCTNG,CNAG/CTNG,GRNTA/TANYC,M.Hqi19763I,Hqi19763IP,S.Hqi19763I,19:199,222:407
HspNIP,CAGNNNNNNTGCT/AGCANNNNNNCTG,CAG/CTG,AGCA/TGCT,M.HspNI,HspNIP,S.HspNI,43:224,264:444
HspRAC07IP,CCAYNNNNNNNNTTCG/CGAANNNNNNNNRTGG,CCAY/RTGG,CGAA/TTCG,M.HspRAC07I,HspRAC07IP,S.HspRAC07I,101:285,392:568
Jda07IP,CAYNNNNNNNNTTAC/GTAANNNNNNNNRTG,CAY/RTG,GTAA/TTAC,M.Jda07I,Jda07IP,S.Jda07I,68:237,319:492
JspWT3IIP,GGANNNNNNNNTAGC/GCTANNNNNNNNTCC,GGA/TCC,GCTA/TAGC,M.JspWT3II,JspWT3IIP,S.JspWT3II,5:159,233:406
Kae363IP,CTANNNNNNNCTCC/GGAGNNNNNNNTAG,CTA/TAG,GGAG/CTCC,M.Kae363I,Kae363IP,S.Kae363I,7:181,209:394
Kaq16071IIIP,TAAGNNNNNTCC/GGANNNNNCTTA,TAAG/CTTA,GGA/TCC,M.Kaq16071III,Kaq16071IIIP,S.Kaq16071III,2:191,275:415
Kgl21IP,CTANNNNNNNTGC/GCANNNNNNNTAG,CTA/TAG,GCA/TGC,M.Kgl21I,Kgl21IP,S.Kgl21I,45:217,239:404
Kox28IP,AACNNNNNNNRTGAC/GTCAYNNNNNNNGTT,AAC/GTT,GTCAY/RTGAC,M.Kox28I,Kox28IP,S.Kox28I,102:286,389:552
KoxNIH5IP,CCANNNNNNNNCTCC/GGAGNNNNNNNNTGG,CCA/TGG,GGAG/CTCC,M.KoxNIH5I,KoxNIH5IP,S.KoxNIH5I,102:282,340:525
Kpn0138IIP,GAAYNNNNNNNCTGG/CCAGNNNNNNNRTTC,GAAY/RTTC,CCAG/CTGG,M.Kpn0138II,Kpn0138IIP,S.Kpn0138II,102:281,388:569
Kpn1420IIP,ACGNNNNNNCTG/CAGNNNNNNCGT,ACG/CGT,CAG/CTG,M.Kpn1420II,Kpn1420IIP,S.Kpn1420II,22:207,328:415
Kpn142IP,CAGNNNNNNCGT/ACGNNNNNNCTG,CAG/CTG,ACG/CGT,M.Kpn142I,Kpn142IP,S.Kpn142I,22:207,328:415
Kpn146IP,TGGANNNNNNNTTG/CAANNNNNNNTCCA,TGGA/TCCA,CAA/TTG,M.Kpn146I,Kpn146IP,S.Kpn146I,3:183,211:386
Kpn148IP,TGGANNNNNNNTTG/CAANNNNNNNTCCA,TGGA/TCCA,CAA/TTG,M.Kpn148I,Kpn148IP,S.Kpn148I,3:183,211:386
Kpn154414IP,GAAYNNNNNNNRTDCC/GGHAYNNNNNNNRTTC,GAAY/RTTC,GGHAY/RTDCC,M.Kpn154414I,Kpn154414IP,S.Kpn154414I,102:281,388:561
Kpn234IP,CCAYNNNNNTCC/GGANNNNNRTGG,CCAY/RTGG,GGA/TCC,M.Kpn234I,Kpn234IP,S.Kpn234I,2:188,259:414
Kpn27IP,GATGNNNNNNTGC/GCANNNNNNCATC,GATG/CATC,GCA/TGC,M.Kpn27I,Kpn27IP,S.Kpn27I,22:195,223:391
Kpn35657IP,TTACNNNNNTAG/CTANNNNNGTAA,TTAC/GTAA,CTA/TAG,M.Kpn35657I,Kpn35657IP,S.Kpn35657I,2:163,245:416
Kpn36IP,CAGNNNNNNCGT/ACGNNNNNNCTG,CAG/CTG,ACG/CGT,M.Kpn36I,Kpn36IP,S.Kpn36I,22:207,328:415
Kpn443IP,GTGANNNNNNNTGG/CCANNNNNNNTCAC,GTGA/TCAC,CCA/TGG,M.Kpn443I,Kpn443IP,S.Kpn443I,3:178,206:383
Kpn62629IP,CAAYNNNNNGTRC/GYACNNNNNRTTG,CAAY/RTTG,GYAC/GTRC,M.Kpn62629I,Kpn62629IP,S.Kpn62629I,2:175,195:367
Kpn6671IP,GAAYNNNNNNNCTGG/CCAGNNNNNNNRTTC,GAAY/RTTC,CCAG/CTGG,M.Kpn6671I,Kpn6671IP,S.Kpn6671I,102:281,388:569
Kpn79IP,CAGNNNNNNCGT/ACGNNNNNNCTG,CAG/CTG,ACG/CGT,M.Kpn79I,Kpn79IP,S.Kpn79I,22:207,328:415
Kpn928IP,CAGNNNNNNCGT/ACGNNNNNNCTG,CAG/CTG,ACG/CGT,M.Kpn928I,Kpn928IP,S.Kpn928I,22:207,328:415
Kpn9644IP,AAGNNNNNNCGT/ACGNNNNNNCTT,AAG/CTT,ACG/CGT,M.Kpn9644I,Kpn9644IP,S.Kpn9644I,22:209,329:417
Kpn9667IP,ACCNNNNNNGTTY/RAACNNNNNNGGT,ACC/GGT,RAAC/GTTY,M.Kpn9667I,Kpn9667IP,S.Kpn9667I,22:199,234:413
KpnAIP,GGCANNNNNNTTC/GAANNNNNNTGCC,GGCA/TGCC,GAA/TTC,M.KpnAI,KpnAI,S.KpnAI,2:158,229:401
KpnAR161IP,CTANNNNNNCTG/CAGNNNNNNTAG,CTA/TAG,CAG/CTG,M.KpnAR161I,KpnAR161IP,S.KpnAR161I,14:198,229:418
KpnBIP,CAAANNNNNNRTCA/TGAYNNNNNNTTTG,CAAA/TTTG,TGAY/RTCA,M.KpnBI,KpnBI,S.KpnBI,26:207,244:425
KpnNIH10IP,CAGNNNNNNCGT/ACGNNNNNNCTG,CAG/CTG,ACG/CGT,M.KpnNIH10I,KpnNIH10IP,S.KpnNIH10I,22:207,328:415
KpnNIH30IP,CAGNNNNNNCGT/ACGNNNNNNCTG,CAG/CTG,ACG/CGT,M.KpnNIH30I,KpnNIH30IP,S.KpnNIH30I,22:207,328:415
KpnNIH49IP,TGAYNNNNNCCT/AGGNNNNNRTCA,TGAY/RTCA,AGG/CCT,M.KpnNIH49I,KpnNIH49IP,S.KpnNIH49I,13:195,203:398
KpnPC07IP,CAGNNNNNNCGT/ACGNNNNNNCTG,CAG/CTG,ACG/CGT,M.KpnPC07I,KpnPC07IP,S.KpnPC07I,22:207,328:415
KpnPC33IP,CAGNNNNNNCGT/ACGNNNNNNCTG,CAG/CTG,ACG/CGT,M.KpnPC33I,KpnPC33IP,S.KpnPC33I,22:207,328:415
KspEA1IP,ATCNNNNNNRTTG/CAAYNNNNNNGAT,ATC/GAT,CAAY/RTTG,M.KspEA1I,KspEA1IP,S.KspEA1I,53:207,248:426
Lal20249IP,AAGNNNNNRTAG/CTAYNNNNNCTT,AAG/CTT,CTAY/RTAG,M.Lal20249I,Lal20249IP,S.Lal20249I,17:198,224:399
Lal216IP,GCANNNNNNNNTTGG/CCAANNNNNNNNTGC,GCA/TGC,CCAA/TTGG,M.Lal216I,Lal216IP,S.Lal216I,2:169,189:368
Lam395IP,CAAGNNNNNGGT/ACCNNNNNCTTG,CAAG/CTTG,ACC/GGT,M.Lam395I,Lam395IP,S.Lam395I,12:194,218:396
Lba2029IP,CGNNAYNNNNNTCG/CGANNNNNRTNNCG,CGNNAY/RTNNCG,CGA/TCG,M.Lba2029I,Lba2029IP,S.Lba2029I,11:195,214:377
Lba9792IP,ACGNNNNNCTT/AAGNNNNNCGT,ACG/CGT,AAG/CTT,M.Lba9792I,Lba9792IP,S.Lba9792I,13:192,218:399
Lbr124IP,YTCANNNNNNNTTRG/CYAANNNNNNNTGAR,YTCA/TGAR,CYAA/TTRG,M.Lbr124I,Lbr124IP,S.Lbr124I,15:201,227:414
Lbr521IP,AGGNNNNNNTTC/GAANNNNNNCCT,AGG/CCT,GAA/TTC,M.Lbr521I,Lbr521IP,S.Lbr521I,18:197,223:385
LbrAG48IP,TCAANNNNNNTGG/CCANNNNNNTTGA,TCAA/TTGA,CCA/TGG,M.LbrAG48I,LbrAG48IP,S.LbrAG48I,26:213,239:416
Lin203IP,CCANNNNNNRTANC/GNTAYNNNNNNTGG,CCA/TGG,GNTAY/RTANC,M.Lin203I,Lin203IP,S.Lin203I,14:191,207:370
LjoG2AIP,GACNNNNNNGTG/CACNNNNNNGTC,GAC/GTC,CAC/GTG,M.LjoG2AI,LjoG2AIP,S.LjoG2AI,75:249,315:483
Lmo1001IP,CGCANNNNNNTC/GANNNNNNTGCG,CGCA/TGCG,GA/TC,M.Lmo1001I,Lmo1001IP,S.Lmo1001I,1:184,197:352
Lmo23463IP,TTAGNNNNNNTTC/GAANNNNNNCTAA,TTAG/CTAA,GAA/TTC,M.Lmo23463I,Lmo23463IP,S.Lmo23463I,19:207,233:395
Lmo521IP,GAAYNNNNNGTC/GACNNNNNRTTC,GAAY/RTTC,GAC/GTC,M.Lmo521I,Lmo521IP,S.Lmo521I,19:200,226:393
Lmo54108IP,GAAYNNNNNGTC/GACNNNNNRTTC,GAAY/RTTC,GAC/GTC,M.Lmo54108I,Lmo54108IP,S.Lmo54108I,19:200,226:393
Lmo544IP,GAAYNNNNNGTC/GACNNNNNRTTC,GAAY/RTTC,GAC/GTC,M.Lmo544I,Lmo544IP,S.Lmo544I,19:200,226:393
Lmo546IP,GAAYNNNNNGTC/GACNNNNNRTTC,GAAY/RTTC,GAC/GTC,M.Lmo546I,Lmo546IP,S.Lmo546I,19:200,226:393
Lpl116IP,RTAGNNNNNRTAT/ATAYNNNNNCTAY,RTAG/CTAY,ATAY/RTAT,M.Lpl116I,Lpl116IP,S.Lpl116I,18:198,224:386
Lsp13IP,CAGNNNNNGCTC/GAGCNNNNNCTG,CAG/CTG,GAGC/GCTC,M.Lsp13I,Lsp13IP,S.Lsp13I,59:179,311:371
LspLP1IP,GTAANNNNNNGTA/TACNNNNNNTTAC,GTAA/TTAC,TAC/GTA,M.LspLP1I,LspLP1IP,S.LspLP1I,18:196,221:395
LspNIH1IP,GTAYNNNNGTG/CACNNNNRTAC,GTAY/RTAC,CAC/GTG,M.LspNIH1I,LspNIH1IP,S.LspNIH1I,1:155,170:347
LspNIH3IP,AAGNNNNNNTAYG/CRTANNNNNNCTT,AAG/CTT,CRTA/TAYG,M.LspNIH3I,LspNIH3IP,S.LspNIH3I,13:204,220:400
LveDOK28IP,ATGNNNNNNNTCC/GGANNNNNNNCAT,ATG/CAT,GGA/TCC,M.LveDOK28I,LveDOK28IP,S.LveDOK28I,26:197,229:387
LveSMR4rIP,CGAYNNNNNNGCTG/CAGCNNNNNNRTCG,CGAY/RTCG,CAGC/GCTG,M.LveSMR4rI,LveSMR4rIP,S.LveSMR4rI,14:192,257:400
MaeCP5IP,TACBNNNNNTTC/GAANNNNNVGTA,TACB/VGTA,GAA/TTC,M.MaeCP5I,MaeCP5IP,S.MaeCP5I,19:187,212:387
Mam123IP,GAGNNNNNNNTTGG/CCAANNNNNNNCTC,GAG/CTC,CCAA/TTGG,M.Mam123I,Mam123IP,S.Mam123I,8:185,245:411
MavHJWIP,CAGCNNNNNNCTC/GAGNNNNNNGCTG,CAGC/GCTG,GAG/CTC,M.MavHJWI,MavHJWIP,S.MavHJWI,117:174,197:371
Mch9957IIIP,CGANNNNNNCTCC/GGAGNNNNNNTCG,CGA/TCG,GGAG/CTCC,M.Mch9957III,Mch9957IIIP,S.Mch9957III,35:215,251:434
MfoCT6IP,ACCNNNNNCTGC/GCAGNNNNNGGT,ACC/GGT,GCAG/CTGC,M.MfoCT6I,MfoCT6IP,S.MfoCT6I,2:167,189:365
Mha183VIP,GACNNNNNTTC/GAANNNNNGTC,GAC/GTC,GAA/TTC,M.Mha183VI,Mha183VIP,S.Mha183VI,4:172,245:397
MlaZIP,ACCNNNNNNRTGA/TCAYNNNNNNGGT,ACC/GGT,TCAY/RTGA,M.MlaZI,MlaZIP,S.MlaZI,20:195,230:391
Mlu211IP,GCANNNNNNNRTGT/ACAYNNNNNNNTGC,GCA/TGC,ACAY/RTGT,M.Mlu211I,Mlu211IP,S.Mlu211I,46:163,195:358
Mmo172IP,CYYANNNNNNNNGTTG/CAACNNNNNNNNTRRG,CYYA/TRRG,CAAC/GTTG,M.Mmo172I,Mmo172IP,S.Mmo172I,102:286,393:573
MmoTt01IP,GACNNNNNNNGTTG/CAACNNNNNNNGTC,GAC/GTC,CAAC/GTTG,M.MmoTt01I,MmoTt01IP,S.MmoTt01I,102:278,385:565
MroGW6IP,RGACNNNNNGRTC/GAYCNNNNNGTCY,RGAC/GTCY,GAYC/GRTC,M.MroGW6I,MroGW6IP,S.MroGW6I,30:207,291:400
Mru1279IP,GGCANNNNNNTGG/CCANNNNNNTGCC,GGCA/TGCC,CCA/TGG,M.Mru1279I,Mru1279IP,S.Mru1279I,2:158,212:375
Msp1IP,CCAANNNNNNTTG/CAANNNNNNTTGG,CCAA/TTGG,CAA/TTG,M.Msp1I,Msp1IP,S.Msp1I,4:181,209:378
Msp412IP,GACNNNNNNNNTGCC/GGCANNNNNNNNGTC,GAC/GTC,GGCA/TGCC,M.Msp412I,Msp412IP,S.Msp412I,101:277,385:564
Msp42IP,CCAANNNNNNTTG/CAANNNNNNTTGG,CCAA/TTGG,CAA/TTG,M.Msp42I,Msp42IP,S.Msp42I,4:181,209:378
Msp436IP,CCANNNNNNGTAG/CTACNNNNNNTGG,CCA/TGG,CTAC/GTAG,M.Msp436I,Msp436IP,S.Msp436I,6:160,190:369
Msp5IP,CCAYNNNNCTT/AAGNNNNRTGG,CCAY/RTGG,AAG/CTT,M.Msp5I,Msp5IP,S.Msp5I,2:187,241:407
Msp8IP,GACNNNNNCTGG/CCAGNNNNNGTC,GAC/GTC,CCAG/CTGG,M.Msp8I,Msp8IP,S.Msp8I,1:166,188:352
MspB1IIP,GACNNNNNTCA/TGANNNNNGTC,GAC/GTC,TGA/TCA,M.MspB1II,MspB1IIP,S.MspB1II,3:167,208:378
MspRAC08IP,GGYANNNNNVTGAC/GTCABNNNNNTRCC,GGYA/TRCC,GTCAB/VTGAC,M.MspRAC08I,MspRAC08IP,S.MspRAC08I,1:85,134:262
Mtu2122IP,ACAYNNNNNNNTTGG/CCAANNNNNNNRTGT,ACAY/RTGT,CCAA/TTGG,M.Mtu2122I,Mtu2122IP,S.Mtu2122I,2:165,183:362
Mva1261IIIP,CTANNNNNNRTTC/GAAYNNNNNNTAG,CTA/TAG,GAAY/RTTC,M.Mva1261III,Mva1261III,S.Mva1261III,1:171,191:368
Nba100970IP,TTACNNNNNTGC/GCANNNNNGTAA,TTAC/GTAA,GCA/TGC,M.Nba100970I,Nba100970IP,S.Nba100970I,104:263,302:442
Nfa11134IIP,GACNNNNNCTAC/GTAGNNNNNGTC,GAC/GTC,GTAG/CTAC,M.Nfa11134II,Nfa11134IIP,S.Nfa11134II,1:171,215:376
NotIIP,CAANNNNNNNCTGG/CCAGNNNNNNNTTG,CAA/TTG,CCAG/CTGG,M.NotII,NotIIP,S.NotII,11:177,209:378
Nsp209IIP,RGACNNNNNNRTCGC/GCGAYNNNNNNGTCY,RGAC/GTCY,GCGAY/RTCGC,M.Nsp209II,Nsp209IIP,S.Nsp209II,26:193,214:394
NspTHN1IP,GAYCNNNNNRTTC/GAAYNNNNNGRTC,GAYC/GRTC,GAAY/RTTC,M.NspTHN1I,NspTHN1IP,S.NspTHN1I,136:199,228:414
OpiAA2IIP,TACNNNNNTCC/GGANNNNNGTA,TAC/GTA,GGA/TCC,M.OpiAA2II,OpiAA2IIP,S.OpiAA2II,1:182,238:355
Osp2203IP,TGAANNNNRTTG/CAAYNNNNTTCA,TGAA/TTCA,CAAY/RTTG,M.Osp2203I,Osp2203IP,S.Osp2203I,3:189,290:461
Osp807IIIP,AAGNNNNNNTAYG/CRTANNNNNNCTT,AAG/CTT,CRTA/TAYG,M.Osp807III,Osp807IIIP,S.Osp807III,14:195,221:391
Osp894IP,GAGNNNNNNGATG/CATCNNNNNNCTC,GAG/CTC,CATC/GATG,M.Osp894I,Osp894IP,S.Osp894I,57:177,211:364
OspHL35IIP,CGAYNNNNNGATR/YATCNNNNNRTCG,CGAY/RTCG,YATC/GATR,M.OspHL35II,OspHL35IIP,S.OspHL35II,44:224,273:404
Our329IP,CCANNNNNNGTG/CACNNNNNNTGG,CCA/TGG,CAC/GTG,M.Our329I,Our329IP,S.Our329I,11:194,214:392
Pac19842IP,TAAGNNNNCTAY/RTAGNNNNCTTA,TAAG/CTTA,RTAG/CTAY,M.Pac19842I,Pac19842IP,S.Pac19842I,1:190,206:392
Pae10332IP,AGGNNNNNTTCA/TGAANNNNNCCT,AGG/CCT,TGAA/TTCA,M.Pae10332I,Pae10332IP,S.Pae10332I,21:206,235:420
Pae1380IP,CYYANNNNNNCTTC/GAAGNNNNNNTRRG,CYYA/TRRG,GAAG/CTTC,M.Pae1380I,Pae1380IP,S.Pae1380I,2:179,202:362
Pae50071IIP,AGGNNNNNTTCA/TGAANNNNNCCT,AGG/CCT,TGAA/TTCA,M.Pae50071II,Pae50071IIP,S.Pae50071II,21:206,235:420
PaePA77IP,CCCANNNNNCTG/CAGNNNNNTGGG,CCCA/TGGG,CAG/CTG,M.PaePA77I,PaePA77IP,S.PaePA77I,2:195,244:418
PaePAIP,GATCNNNNNNGTC/GACNNNNNNGATC,GATC/GATC,GAC/GTC,M.PaePAI,PaePAIP,S.PaePAI,19:165,250:376
Pan971IP,ACCNNNNNGTCY/RGACNNNNNGGT,ACC/GGT,RGAC/GTCY,M.Pan971I,Pan971IP,S.Pan971I,27:198,226:402
Pat19335IP,TGTANNNNNNGCT/AGCNNNNNNTACA,TGTA/TACA,AGC/GCT,M.Pat19335I,Pat19335IP,S.Pat19335I,15:196,220:391
PboPX4IP,CGAGNNNNNNTCGC/GCGANNNNNNCTCG,CGAG/CTCG,GCGA/TCGC,M.PboPX4I,PboPX4IP,S.PboPX4I,18:204,235:411
PbrDF41IP,ACCNNNNNNTGGA/TCCANNNNNNGGT,ACC/GGT,TCCA/TGGA,M.PbrDF41I,PbrDF41IP,S.PbrDF41I,92:208,236:415
PchPA23IP,GAGNNNNNNVTGAC/GTCABNNNNNNCTC,GAG/CTC,GTCAB/VTGAC,M.PchPA23I,PchPA23IP,S.PchPA23I,95:203,257:415
PciP3B5IP,GTANNNNNNVTAC/GTABNNNNNNTAC,GTA/TAC,GTAB/VTAC,M.PciP3B5I,PciP3B5IP,S.PciP3B5I,21:161,181:332
Pdi9689IIP,CANNNNNNNTAAAG/CTTTANNNNNNNTG,CA/TG,CTTTA/TAAAG,M.Pdi9689II,Pdi9689IIP,S.Pdi9689II,2:170,189:378
Pfe45IP,AYCNNNNNGTCC/GGACNNNNNGRT,AYC/GRT,GGAC/GTCC,M.Pfe45I,Pfe45IP,S.Pfe45I,5:174,193:373
PflL13IP,TGANNNNNNNCTCG/CGAGNNNNNNNTCA,TGA/TCA,CGAG/CTCG,M.PflL13I,PflL13IP,S.PflL13I,22:187,295:454
Pfr20271IP,GGANNNNNNNCTT/AAGNNNNNNNTCC,GGA/TCC,AAG/CTT,M.Pfr20271I,Pfr20271IP,S.Pfr20271I,13:167,192:374
PfrJS12aIP,GCANNNNNNRTGA/TCAYNNNNNNTGC,GCA/TGC,TCAY/RTGA,M.PfrJS12aI,PfrJS12aIP,S.PfrJS12aI,13:180,199:358
PfrJS12IP,GCANNNNNNRTGA/TCAYNNNNNNTGC,GCA/TGC,TCAY/RTGA,M.PfrJS12I,PfrJS12IP,S.PfrJS12I,13:180,199:358
PfrJS21aIP,ACANNNNNNRTAY/RTAYNNNNNNTGT,ACA/TGT,RTAY/RTAY,M.PfrJS21aI,PfrJS21aIP,S.PfrJS21aI,13:175,190:354
PfrJS21IP,ACANNNNNNRTAY/RTAYNNNNNNTGT,ACA/TGT,RTAY/RTAY,M.PfrJS21I,PfrJS21IP,S.PfrJS21I,13:175,190:354
PfrJS25IP,ACANNNNNNRTAY/RTAYNNNNNNTGT,ACA/TGT,RTAY/RTAY,M.PfrJS25I,PfrJS25IP,S.PfrJS25I,13:175,190:354
PfrJS9aIP,GCANNNNNNGTGG/CCACNNNNNNTGC,GCA/TGC,CCAC/GTGG,M.PfrJS9aI,PfrJS9aIP,S.PfrJS9aI,1:164,179:357
PfrJS9IP,GCANNNNNNGTGG/CCACNNNNNNTGC,GCA/TGC,CCAC/GTGG,M.PfrJS9I,PfrJS9IP,S.PfrJS9I,1:164,179:357
PfrJSIIP,AGTNNNNNNCTT/AAGNNNNNNACT,AGT/ACT,AAG/CTT,M.PfrJSII,PfrJSIIP,S.PfrJSII,116:189,275:395
Pfu17724IP,CRTANNNNNNNCTG/CAGNNNNNNNTAYG,CRTA/TAYG,CAG/CTG,M.Pfu17724I,Pfu17724IP,S.Pfu17724I,19:212,244:429
Pgr15220IP,AGCNNNNNRTGC/GCAYNNNNNGCT,AGC/GCT,GCAY/RTGC,M.Pgr15220I,Pgr15220IP,S.Pgr15220I,19:194,222:383
Pha15H5IP,CCGANNNNNNTAG/CTANNNNNNTCGG,CCGA/TCGG,CTA/TAG,M.Pha15H5I,Pha15H5IP,S.Pha15H5I,24:192,274:450
Pin17395IP,TGANNNNNNNTGGG/CCCANNNNNNNTCA,TGA/TCA,CCCA/TGGG,M.Pin17395I,Pin17395IP,S.Pin17395I,6:168,208:395
Pin1945IIP,ACAYNNNNNTGG/CCANNNNNRTGT,ACAY/RTGT,CCA/TGG,M.Pin1945II,Pin1945IIP,S.Pin1945II,5:165,193:370
PinP10IP,TGANNNNNNNTGGG/CCCANNNNNNNTCA,TGA/TCA,CCCA/TGGG,M.PinP10I,PinP10IP,S.PinP10I,6:168,208:395
PinP72IP,CCANNNNNNNTGGG/CCCANNNNNNNTGG,CCA/TGG,CCCA/TGGG,M.PinP72I,PinP72IP,S.PinP72I,1:178,194:374
PinT5IIP,AGYNNNNNNCTTC/GAAGNNNNNNRCT,AGY/RCT,GAAG/CTTC,M.PinT5II,PinT5IIP,S.PinT5II,60:184,224:408
Pla5IIP,AYCNNNNNCTTC/GAAGNNNNNGRT,AYC/GRT,GAAG/CTTC,M.Pla5II,Pla5IIP,S.Pla5II,18:193,227:410
Ple25539IP,GCANNNNNNCTTC/GAAGNNNNNNTGC,GCA/TGC,GAAG/CTTC,M.Ple25539I,Ple25539IP,S.Ple25539I,1:171,188:370
Plu249IP,GCCANNNNNNNTGA/TCANNNNNNNTGGC,GCCA/TGGC,TCA/TGA,M.Plu249I,Plu249IP,S.Plu249I,3:185,212:369
Plu4054IP,GCCANNNNNNNTGA/TCANNNNNNNTGGC,GCCA/TGGC,TCA/TGA,M.Plu4054I,Plu4054IP,S.Plu4054I,3:185,212:369
Plu542IP,GCCANNNNNNNTGA/TCANNNNNNNTGGC,GCCA/TGGC,TCA/TGA,M.Plu542I,Plu542IP,S.Plu542I,3:185,212:369
Pmi155IP,CCAANNNNNTTCA/TGAANNNNNTTGG,CCAA/TTGG,TGAA/TTCA,M.Pmi155I,Pmi155IP,S.Pmi155I,4:181,263:417
Pmi156IP,CCAANNNNNNTTC/GAANNNNNNTTGG,CCAA/TTGG,GAA/TTC,M.Pmi156I,Pmi156IP,S.Pmi156I,4:181,263:433
Pmi29IP,CAAGNNNNNTTAA/TTAANNNNNCTTG,CAAG/CTTG,TTAA/TTAA,M.Pmi29I,Pmi29IP,S.Pmi29I,34:219,255:443
Pmi60IP,GCTANNNNNNTGG/CCANNNNNNTAGC,GCTA/TAGC,CCA/TGG,M.Pmi60I,Pmi60IP,S.Pmi60I,2:186,268:447
Pmi614IP,CGAANNNNNTGA/TCANNNNNTTCG,CGAA/TTCG,TCA/TGA,M.Pmi614I,Pmi614IP,S.Pmi614I,77:192,211:333
Pmi67IP,GGYAYNNNNNTGG/CCANNNNNRTRCC,GGYAY/RTRCC,CCA/TGG,M.Pmi67I,Pmi67IP,S.Pmi67I,2:159,241:420
Pmo56711IP,CAAGNNNNNNNTCGA/TCGANNNNNNNCTTG,CAAG/CTTG,TCGA/TCGA,M.Pmo56711I,Pmo56711IP,S.Pmo56711I,5:182,261:433
Pmu216IP,CCANNNNNRTTA/TAAYNNNNNTGG,CCA/TGG,TAAY/RTTA,M.Pmu216I,Pmu216IP,S.Pmu216I,1:180,262:432
Pmu384IP,TGAANNNNNTAG/CTANNNNNTTCA,TGAA/TTCA,CTA/TAG,M.Pmu384I,Pmu384IP,S.Pmu384I,2:186,268:444
Pmu385IP,TGAANNNNNTAG/CTANNNNNTTCA,TGAA/TTCA,CTA/TAG,M.Pmu385I,Pmu385IP,S.Pmu385I,2:186,268:444
Pph10526IP,RGACNNNNNCTAR/YTAGNNNNNGTCY,RGAC/GTCY,YTAG/CTAR,M.Pph10526I,Pph10526IP,S.Pph10526I,3:176,203:390
PpiP14IIP,GACNNNNNNTAYG/CRTANNNNNNGTC,GAC/GTC,CRTA/TAYG,M.PpiP14II,PpiP14IIP,S.PpiP14II,16:189,207:385
Ppo2020IP,CNAGNNNNNTTGK/MCAANNNNNCTNG,CNAG/CTNG,MCAA/TTGK,M.Ppo2020I,Ppo2020IP,S.Ppo2020I,17:200,226:408
PpoAIP,CNAGNNNNNTTGK/MCAANNNNNCTNG,CNAG/CTNG,MCAA/TTGK,M.PpoAI,PpoAIP,S.PpoAI,17:200,226:408
PpuAA7IP,GTANNNNNNNNTCCA/TGGANNNNNNNNTAC,GTA/TAC,TGGA/TCCA,M.PpuAA7I,PpuAA7IP,S.PpuAA7I,48:205,242:422
PpuS12IP,CGANNNNNNNNCTGG/CCAGNNNNNNNNTCG,CGA/TCG,CCAG/CTGG,M.PpuS12I,PpuS12IP,S.PpuS12I,80:254,374:540
PriM8IP,WTCANNNNNNNNTGNNC/GNNCANNNNNNNNTGAW,WTCA/TGAW,GNNCA/TGNNC,M.PriM8I,PriM8IP,S.PriM8I,20:205,255:420
Pru6933IP,CAGNNNNNNTGT/ACANNNNNNCTG,CAG/CTG,ACA/TGT,M.Pru6933I,Pru6933IP,S.Pru6933I,34:208,234:396
PsaCLTW6IP,GACNNNNNNTCC/GGANNNNNNGTC,GAC/GTC,GGA/TCC,M.PsaCLTW6I,PsaCLTW6IP,S.PsaCLTW6I,95:184,217:371
Psp0357IP,CCAYNNNNNRTCC/GGAYNNNNNRTGG,CCAY/RTGG,GGAY/RTCC,M.Psp0357I,Psp0357IP,S.Psp0357I,19:201,227:397
Psp1015IP,GAAGNNNNNCCT/AGGNNNNNCTTC,GAAG/CTTC,AGG/CCT,M.Psp1015I,Psp1015IP,S.Psp1015I,7:190,234:394
Psp189IP,CCAYNNNNNTCNC/GNGANNNNNRTGG,CCAY/RTGG,GNGA/TCNC,M.Psp189I,Psp189IP,S.Psp189I,2:185,226:403
Psp27299IP,GAYNNNNNNCTCC/GGAGNNNNNNRTC,GAY/RTC,GGAG/CTCC,M.Psp27299I,Psp27299IP,S.Psp27299I,7:173,203:387
Psp273IP,GTCANNNNNNTAG/CTANNNNNNTGAC,GTCA/TGAC,CTA/TAG,M.Psp273I,Psp273IP,S.Psp273I,16:199,238:414
Psp44IP,CAGNNNNCTG,CAG/CTG,CAG/CTG,M.Psp44I,Psp44IP,S.Psp44I,15:173,218:357
Psp5444IP,RCAANNNNNNNTAGG/CCTANNNNNNNTTGY,RCAA/TTGY,CCTA/TAGG,M.Psp5444I,Psp5444IP,S.Psp5444I,1:182,223:383
Psp81IP,GAGNNNNNCTAC/GTAGNNNNNCTC,GAG/CTC,GTAG/CTAC,M.Psp81I,Psp81IP,S.Psp81I,1:184,203:386
PspR2A2IP,CACNNNNNNNNTGCT/AGCANNNNNNNNGTG,CAC/GTG,AGCA/TGCT,M.PspR2A2I,PspR2A2IP,S.PspR2A2I,84:257,387:550
PspS04IP,CGTANNNNNGTC/GACNNNNNTACG,CGTA/TACG,GAC/GTC,M.PspS04I,PspS04IP,S.PspS04I,1:184,216:379
PspWT1IP,GGANNNNNNNNTCC,GGA/TCC,GGA/TCC,M.PspWT1I,PspWT1IP,S.PspWT1I,19:174,191:346
Pst26IP,TAAGNNNNNTARC/GYTANNNNNCTTA,TAAG/CTTA,GYTA/TARC,M.Pst26I,Pst26IP,S.Pst26I,1:191,206:385
Psy63IP,GAAANNNNNNTRCC/GGYANNNNNNTTTC,GAAA/TTTC,GGYA/TRCC,M.Psy63I,Psy63IP,S.Psy63I,5:181,230:381
Pvu366IP,RAACNNNNNCTG/CAGNNNNNGTTY,RAAC/GTTY,CAG/CTG,M.Pvu366I,Pvu366IP,S.Pvu366I,16:192,230:410
Rba05IP,TGGANNNNNNNTTC/GAANNNNNNNTCCA,TGGA/TCCA,GAA/TTC,M.Rba05I,Rba05IP,S.Rba05I,3:183,207:386
Rde10917IVP,GAYNNNNNNTGG/CCANNNNNNRTC,GAY/RTC,CCA/TGG,M.Rde10917IV,Rde10917IVP,S.Rde10917IV,1:162,177:353
RetCIP,TCGANNNNNNCTWC/GWAGNNNNNNTCGA,TCGA/TCGA,GWAG/CTWC,M.RetCI,RetCIP,S.RetCI,24:199,222:407
Rgi145IP,GCGANNNNNNNGTTC/GAACNNNNNNNTCGC,GCGA/TCGC,GAAC/GTTC,M.Rgi145I,Rgi145IP,S.Rgi145I,6:180,334:452
Rgn2154IP,GAYGNNNNNNNTAC/GTANNNNNNNCRTC,GAYG/CRTC,GTA/TAC,M.Rgn2154I,Rgn2154IP,S.Rgn2154I,16:190,211:366
Rgu109400IIP,CCANNNNNNTGG,CCA/TGG,CCA/TGG,M.Rgu109400II,Rgu109400IIP,S.Rgu109400II,47:197,246:422
RheG1IP,AAGNNNNNRTGT/ACAYNNNNNCTT,AAG/CTT,ACAY/RTGT,M.RheG1I,RheG1IP,S.RheG1I,13:196,238:392
Rmu369IP,AAGNNNNNTGG/CCANNNNNCTT,AAG/CTT,CCA/TGG,M.Rmu369I,Rmu369IP,S.Rmu369I,39:231,255:386
Ror9164IP,GGYANNNNNNTCG/CGANNNNNNTRCC,GGYA/TRCC,CGA/TCG,M.Ror9164I,Ror9164IP,S.Ror9164I,4:156,227:377
Rpl12998IP,CACNNNNNNCTTG/CAAGNNNNNNGTG,CAC/GTG,CAAG/CTTG,M.Rpl12998I,Rpl12998IP,S.Rpl12998I,7:182,212:398
Rpl429IP,TTCANNNNNNTCG/CGANNNNNNTGAA,TTCA/TGAA,CGA/TCG,M.Rpl429I,Rpl429IP,S.Rpl429I,1:179,194:372
Rpl430IP,TTCANNNNNNTCG/CGANNNNNNTGAA,TTCA/TGAA,CGA/TCG,M.Rpl430I,Rpl430IP,S.Rpl430I,1:179,194:372
Rsp008IP,AGCNNNNNNNTGGA/TCCANNNNNNNGCT,AGC/GCT,TCCA/TGGA,M.Rsp008I,Rsp008IP,S.Rsp008I,34:188,222:399
RspPBTS1IP,CTANNNNNNTAG,CTA/TAG,CTA/TAG,M.RspPBTS1I,RspPBTS1IP,S.RspPBTS1I,1:177,209:362
RspPBTS2IP,GCCANNNNNNTAC/GTANNNNNNTGGC,GCCA/TGGC,GTA/TAC,M.RspPBTS2I,RspPBTS2IP,S.RspPBTS2I,1:181,213:341
Sag908IP,GAGNNNNRTAA/TTAYNNNNCTC,GAG/CTC,TTAY/RTAA,M.Sag908I,Sag908IP,S.Sag908I,1:177,216:402
Sau251IIP,GAAGNNNNNTAC/GTANNNNNCTTC,GAAG/CTTC,GTA/TAC,M.Sau251II,Sau251IIP,S.Sau251II,1:186,225:384
SauJKDIIIP,GAAGNNNNNTAC/GTANNNNNCTTC,GAAG/CTTC,GTA/TAC,M.SauJKDIII,SauJKDIIIP,S.SauJKDIII,1:186,225:384
SauN315IP,AGGNNNNNGAT/ATCNNNNNCCT,AGG/CCT,ATC/GAT,M.SauN315I,SauN315I,S.SauN315I,18:198,222:392
Sba3IIIP,CYTANNNNNNTCC/GGANNNNNNTARG,CYTA/TARG,GGA/TCC,M.Sba3III,Sba3IIIP,S.Sba3III,1:178,193:347
SbaCM003IP,TCANNNNNNNNTTC/GAANNNNNNNNTGA,TCA/TGA,GAA/TTC,M.SbaCM003I,SbaCM003IP,S.SbaCM003I,13:174,175:357
SbaCM006IP,CGANNNNNRTC/GAYNNNNNTCG,CGA/TCG,GAY/RTC,M.SbaCM006I,SbaCM006IP,S.SbaCM006I,2:175,201:318
SbaCM010IP,CGANNNNNRTC/GAYNNNNNTCG,CGA/TCG,GAY/RTC,M.SbaCM010I,SbaCM010IP,S.SbaCM010I,2:175,201:318
SbaFS03PIP,GGYANNNNNNTGA/TCANNNNNNTRCC,GGYA/TRCC,TCA/TGA,M.SbaFS03PI,SbaFS03PIP,S.SbaFS03PI,1:154,170:342
SbaS31IP,GAGNNNNNTAAA/TTTANNNNNCTC,GAG/CTC,TTTA/TAAA,M.SbaS31I,SbaS31IP,S.SbaS31I,2:171,210:386
SbaUIIIP,CCGANNNNNGTC/GACNNNNNTCGG,CCGA/TCGG,GAC/GTC,M.SbaUIII,SbaUIIIP,S.SbaUIII,3:192,263:434
Sbo12027IP,GGANNNNNNCTTT/AAAGNNNNNNTCC,GGA/TCC,AAAG/CTTT,M.Sbo12027I,Sbo12027IP,S.Sbo12027I,2:155,175:347
Sbo12419IIP,ACANNNNNNRTGG/CCAYNNNNNNTGT,ACA/TGT,CCAY/RTGG,M.Sbo12419II,Sbo12419IIP,S.Sbo12419II,15:181,198:383
Sbo1247IP,GGANNNNNNCTTT/AAAGNNNNNNTCC,GGA/TCC,AAAG/CTTT,M.Sbo1247I,Sbo1247IP,S.Sbo1247I,1:151,171:343
Sbo1621IP,GTANNNNNNNNGTCY/RGACNNNNNNNNTAC,GTA/TAC,RGAC/GTCY,M.Sbo1621I,Sbo1621IP,S.Sbo1621I,102:260,367:517
Sbo2708IP,RTCANNNNNNNNRTRTC/GAYAYNNNNNNNNTGAY,RTCA/TGAY,GAYAY/RTRTC,M.Sbo2708I,Sbo2708IP,S.Sbo2708I,102:272,379:562
Sbo35964IP,RTCANNNNNNNNRTRTC/GAYAYNNNNNNNNTGAY,RTCA/TGAY,GAYAY/RTRTC,M.Sbo35964I,Sbo35964IP,S.Sbo35964I,102:272,379:562
Sbo59248IP,GGANNNNNNCTTT/AAAGNNNNNNTCC,GGA/TCC,AAAG/CTTT,M.Sbo59248I,Sbo59248IP,S.Sbo59248I,1:151,171:343
Sbo83578IP,GGANNNNNNCTTT/AAAGNNNNNNTCC,GGA/TCC,AAAG/CTTT,M.Sbo83578I,Sbo83578IP,S.Sbo83578I,2:155,175:347
Sbo8700IP,GGANNNNNNCTTT/AAAGNNNNNNTCC,GGA/TCC,AAAG/CTTT,M.Sbo8700I,Sbo8700IP,S.Sbo8700I,7:161,181:353
Sbo9733IP,RTCANNNNNNNNRTRTC/GAYAYNNNNNNNNTGAY,RTCA/TGAY,GAYAY/RTRTC,M.Sbo9733I,Sbo9733IP,S.Sbo9733I,102:272,379:562
Sbo9734IP,RTCANNNNNNNNRTRTC/GAYAYNNNNNNNNTGAY,RTCA/TGAY,GAYAY/RTRTC,M.Sbo9734I,Sbo9734IP,S.Sbo9734I,102:272,379:562
Sbo9850IP,GGANNNNNNCTTT/AAAGNNNNNNTCC,GGA/TCC,AAAG/CTTT,M.Sbo9850I,Sbo9850IP,S.Sbo9850I,1:151,171:343
SboSH135IP,GGANNNNNNCTTT/AAAGNNNNNNTCC,GGA/TCC,AAAG/CTTT,M.SboSH135I,SboSH135IP,S.SboSH135I,8:161,181:353
Sca3403IP,CAGNNNNNNRTGG/CCAYNNNNNNCTG,CAG/CTG,CCAY/RTGG,M.Sca3403I,Sca3403IP,S.Sca3403I,10:193,211:389
Sca378IP,GGHANNNNNNRTC/GAYNNNNNNTDCC,GGHA/TDCC,GAY/RTC,M.Sca378I,Sca378IP,S.Sca378I,15:196,220:379
Scr51100IP,CGANNNNNNCTC/GAGNNNNNNTCG,CGA/TCG,GAG/CTC,M.Scr51100I,Scr51100IP,S.Scr51100I,15:188,217:398
Sdy10954IP,RTCANNNNNNNNRTRTC/GAYAYNNNNNNNNTGAY,RTCA/TGAY,GAYAY/RTRTC,M.Sdy10954I,Sdy10954IP,S.Sdy10954I,89:259,366:549
Sdy12037IP,GGANNNNNNCTTT/AAAGNNNNNNTCC,GGA/TCC,AAAG/CTTT,M.Sdy12037I,Sdy12037IP,S.Sdy12037I,1:151,171:343
Sdy20496IP,GGANNNNNNCTTT/AAAGNNNNNNTCC,GGA/TCC,AAAG/CTTT,M.Sdy20496I,Sdy20496IP,S.Sdy20496I,1:151,171:343
Sdy3162IP,GGANNNNNNCTTT/AAAGNNNNNNTCC,GGA/TCC,AAAG/CTTT,M.Sdy3162I,Sdy3162IP,S.Sdy3162I,8:161,181:353
Sdy4522IP,GGANNNNNNCTTT/AAAGNNNNNNTCC,GGA/TCC,AAAG/CTTT,M.Sdy4522I,Sdy4522IP,S.Sdy4522I,1:151,171:343
Sdy49345IP,RTCANNNNNNNNRTRTC/GAYAYNNNNNNNNTGAY,RTCA/TGAY,GAYAY/RTRTC,M.Sdy49345I,Sdy49345IP,S.Sdy49345I,102:272,379:562
Sdy49346IP,GGANNNNNNCTTT/AAAGNNNNNNTCC,GGA/TCC,AAAG/CTTT,M.Sdy49346I,Sdy49346IP,S.Sdy49346I,1:151,171:343
Sdy49347IP,GGANNNNNNCTTT/AAAGNNNNNNTCC,GGA/TCC,AAAG/CTTT,M.Sdy49347I,Sdy49347IP,S.Sdy49347I,1:151,171:343
Sdy93119IP,GGANNNNNNCTTT/AAAGNNNNNNTCC,GGA/TCC,AAAG/CTTT,M.Sdy93119I,Sdy93119IP,S.Sdy93119I,1:151,171:343
Sdy96265IP,GGANNNNNNCTTT/AAAGNNNNNNTCC,GGA/TCC,AAAG/CTTT,M.Sdy96265I,Sdy96265IP,S.Sdy96265I,1:151,171:343
Sdy9751IP,GGANNNNNNCTTT/AAAGNNNNNNTCC,GGA/TCC,AAAG/CTTT,M.Sdy9751I,Sdy9751IP,S.Sdy9751I,1:151,171:343
Sdy9752IP,GGANNNNNNCTTT/AAAGNNNNNNTCC,GGA/TCC,AAAG/CTTT,M.Sdy9752I,Sdy9752IP,S.Sdy9752I,1:151,171:343
Sdy9753IP,GGANNNNNNCTTT/AAAGNNNNNNTCC,GGA/TCC,AAAG/CTTT,M.Sdy9753I,Sdy9753IP,S.Sdy9753I,1:151,171:343
Sdy9754IP,GGANNNNNNCTTT/AAAGNNNNNNTCC,GGA/TCC,AAAG/CTTT,M.Sdy9754I,Sdy9754IP,S.Sdy9754I,1:151,171:343
Sdy9764IP,GGANNNNNNCTTT/AAAGNNNNNNTCC,GGA/TCC,AAAG/CTTT,M.Sdy9764I,Sdy9764IP,S.Sdy9764I,1:151,171:343
Sen00538IP,GAGNNNNNNRTAYG/CRTAYNNNNNNCTC,GAG/CTC,CRTAY/RTAYG,M.Sen00538I,Sen00538IP,S.Sen00538I,7:187,225:410
Sen038IP,RAACNNNNNNNGTGG/CCACNNNNNNNGTTY,RAAC/GTTY,CCAC/GTGG,M.Sen038I,Sen038IP,S.Sen038I,102:280,387:574
Sen0392IIP,GAGNNNNNNRTAYG/CRTAYNNNNNNCTC,GAG/CTC,CRTAY/RTAYG,M.Sen0392II,Sen0392IIP,S.Sen0392II,7:187,225:410
Sen0621IIIP,GGYANNNNNNTCG/CGANNNNNNTRCC,GGYA/TRCC,CGA/TCG,M.Sen0621III,Sen0621IIIP,S.Sen0621III,4:156,227:407
Sen0738IP,AGANNNNNNNNCTGG/CCAGNNNNNNNNTCT,AGA/TCT,CCAG/CTGG,M.Sen0738I,Sen0738IP,S.Sen0738I,102:285,393:575
Sen10722IIP,TACNNNNNNNGTTC/GAACNNNNNNNGTA,TAC/GTA,GAAC/GTTC,M.Sen10722II,Sen10722IIP,S.Sen10722II,129:282,390:573
Sen10729IIP,CGAYNNNNNNNRTRTC/GAYAYNNNNNNNRTCG,CGAY/RTCG,GAYAY/RTRTC,M.Sen10729II,Sen10729IIP,S.Sen10729II,102:283,390:574
Sen11511IP,GAANNNNNNNNTCGC/GCGANNNNNNNNTTC,GAA/TTC,GCGA/TCGC,M.Sen11511I,Sen11511IP,S.Sen11511I,7:184,223:403
Sen1175IP,CCANNNNNNNNTGAG/CTCANNNNNNNNTGG,CCA/TGG,CTCA/TGAG,M.Sen1175I,Sen1175IP,S.Sen1175I,7:188,272:447
Sen12705IIP,GAGNNNNNNRTAYG/CRTAYNNNNNNCTC,GAG/CTC,CRTAY/RTAYG,M.Sen12705II,Sen12705IIP,S.Sen12705II,7:187,225:410
Sen13311IIP,GAGNNNNNNRTAYG/CRTAYNNNNNNCTC,GAG/CTC,CRTAY/RTAYG,M.Sen13311II,Sen13311IIP,S.Sen13311II,7:187,225:410
Sen13IP,GAGNNNNNNRTAYG/CRTAYNNNNNNCTC,GAG/CTC,CRTAY/RTAYG,M.Sen13I,Sen13IP,S.Sen13I,7:187,225:410
Sen1427IIP,GGYANNNNNNTCG/CGANNNNNNTRCC,GGYA/TRCC,CGA/TCG,M.Sen1427II,Sen1427IIP,S.Sen1427II,4:156,227:407
Sen1435IP,GGYANNNNNNTCG/CGANNNNNNTRCC,GGYA/TRCC,CGA/TCG,M.Sen1435I,Sen1435IP,S.Sen1435I,4:156,227:407
Sen14882IP,GACNNNNNNNRTCC/GGAYNNNNNNNGTC,GAC/GTC,GGAY/RTCC,M.Sen14882I,Sen14882IP,S.Sen14882I,102:278,385:554
Sen15791IIP,GGYANNNNNNTCG/CGANNNNNNTRCC,GGYA/TRCC,CGA/TCG,M.Sen15791II,Sen15791IIP,S.Sen15791II,4:156,227:407
Sen158IIP,GGYANNNNNNTCG/CGANNNNNNTRCC,GGYA/TRCC,CGA/TCG,M.Sen158II,Sen158IIP,S.Sen158II,4:156,227:407
Sen1605IIP,GGYANNNNNNTCG/CGANNNNNNTRCC,GGYA/TRCC,CGA/TCG,M.Sen1605II,Sen1605IIP,S.Sen1605II,4:156,227:407
Sen1607IIP,GGYANNNNNNTCG/CGANNNNNNTRCC,GGYA/TRCC,CGA/TCG,M.Sen1607II,Sen1607IIP,S.Sen1607II,4:156,227:407
Sen1655IIP,GAANNNNNNNNTCGC/GCGANNNNNNNNTTC,GAA/TTC,GCGA/TCGC,M.Sen1655II,Sen1655IIP,S.Sen1655II,7:184,223:403
Sen1676IP,CCANNNNNNNNTGAG/CTCANNNNNNNNTGG,CCA/TGG,CTCA/TGAG,M.Sen1676I,Sen1676IP,S.Sen1676I,7:188,272:447
Sen1677IP,CCANNNNNNNNTGAG/CTCANNNNNNNNTGG,CCA/TGG,CTCA/TGAG,M.Sen1677I,Sen1677IP,S.Sen1677I,7:188,272:447
Sen1705IIP,GGYANNNNNNTCG/CGANNNNNNTRCC,GGYA/TRCC,CGA/TCG,M.Sen1705II,Sen1705IIP,S.Sen1705II,4:156,227:407
Sen1706IIP,GGYANNNNNNTCG/CGANNNNNNTRCC,GGYA/TRCC,CGA/TCG,M.Sen1706II,Sen1706IIP,S.Sen1706II,4:156,227:407
Sen1728IP,CCANNNNNNNNTGAG/CTCANNNNNNNNTGG,CCA/TGG,CTCA/TGAG,M.Sen1728I,Sen1728IP,S.Sen1728I,7:188,272:447
Sen1735IIP,CCANNNNNNNNTGAG/CTCANNNNNNNNTGG,CCA/TGG,CTCA/TGAG,M.Sen1735II,Sen1735IIP,S.Sen1735II,7:188,272:447
Sen1736IIIP,GAGNNNNNNRTAYG/CRTAYNNNNNNCTC,GAG/CTC,CRTAY/RTAYG,M.Sen1736III,Sen1736IIIP,S.Sen1736III,7:187,225:410
Sen1764IP,CCANNNNNNNNTGAG/CTCANNNNNNNNTGG,CCA/TGG,CTCA/TGAG,M.Sen1764I,Sen1764IP,S.Sen1764I,7:188,272:447
Sen1766IIP,CCANNNNNNNNTGAG/CTCANNNNNNNNTGG,CCA/TGG,CTCA/TGAG,M.Sen1766II,Sen1766IIP,S.Sen1766II,7:188,272:447
Sen1781IIP,CCANNNNNNNNTGAG/CTCANNNNNNNNTGG,CCA/TGG,CTCA/TGAG,M.Sen1781II,Sen1781IIP,S.Sen1781II,7:188,272:447
Sen1783IIP,CCANNNNNNNNTGAG/CTCANNNNNNNNTGG,CCA/TGG,CTCA/TGAG,M.Sen1783II,Sen1783IIP,S.Sen1783II,7:188,272:447
Sen18486IIP,GACNNNNNNNRTCC/GGAYNNNNNNNGTC,GAC/GTC,GGAY/RTCC,M.Sen18486II,Sen18486IIP,S.Sen18486II,102:278,385:554
Sen18569IP,GGYANNNNNNTCG/CGANNNNNNTRCC,GGYA/TRCC,CGA/TCG,M.Sen18569I,Sen18569IP,S.Sen18569I,4:156,227:407
Sen18746IIP,GAGNNNNNNRTAYG/CRTAYNNNNNNCTC,GAG/CTC,CRTAY/RTAYG,M.Sen18746II,Sen18746IIP,S.Sen18746II,7:187,225:410
Sen1878IIP,GAGNNNNNNRTAYG/CRTAYNNNNNNCTC,GAG/CTC,CRTAY/RTAYG,M.Sen1878II,Sen1878IIP,S.Sen1878II,7:187,225:410
Sen1880IIP,GAGNNNNNNRTAYG/CRTAYNNNNNNCTC,GAG/CTC,CRTAY/RTAYG,M.Sen1880II,Sen1880IIP,S.Sen1880II,7:187,225:410
Sen1896IIP,GAGNNNNNNRTAYG/CRTAYNNNNNNCTC,GAG/CTC,CRTAY/RTAYG,M.Sen1896II,Sen1896IIP,S.Sen1896II,7:187,225:410
Sen1898IIP,GAGNNNNNNRTAYG/CRTAYNNNNNNCTC,GAG/CTC,CRTAY/RTAYG,M.Sen1898II,Sen1898IIP,S.Sen1898II,7:187,225:410
Sen1899IIP,GAGNNNNNNRTAYG/CRTAYNNNNNNCTC,GAG/CTC,CRTAY/RTAYG,M.Sen1899II,Sen1899IIP,S.Sen1899II,7:187,225:410
Sen1900IP,CGAYNNNNNNNRTRTC/GAYAYNNNNNNNRTCG,CGAY/RTCG,GAYAY/RTRTC,M.Sen1900I,Sen1900IP,S.Sen1900I,102:283,390:574
Sen1901IP,CGAYNNNNNNNRTRTC/GAYAYNNNNNNNRTCG,CGAY/RTCG,GAYAY/RTRTC,M.Sen1901I,Sen1901IP,S.Sen1901I,102:283,390:574
Sen1903IIP,CGAYNNNNNNNRTRTC/GAYAYNNNNNNNRTCG,CGAY/RTCG,GAYAY/RTRTC,M.Sen1903II,Sen1903IIP,S.Sen1903II,102:283,390:574
Sen1904IP,CGAYNNNNNNNRTRTC/GAYAYNNNNNNNRTCG,CGAY/RTCG,GAYAY/RTRTC,M.Sen1904I,Sen1904IP,S.Sen1904I,102:283,390:574
Sen1906IIP,GAGNNNNNNRTAYG/CRTAYNNNNNNCTC,GAG/CTC,CRTAY/RTAYG,M.Sen1906II,Sen1906IIP,S.Sen1906II,7:187,225:410
